Year,System,District,ELA,Math,Science,Algebra I,Algebra II,Biology I,Chemistry,English I,English II,English III,Geometry,Integrated Math I,Integrated Math II,Integrated Math III,US History,TVAAS Composite,TVAAS Literacy,TVAAS Numeracy,TVAAS Science,TVAAS Social Studies,ACT English,ACT Math,ACT Reading,ACT Science,ACT Composite,ACT 21 or Above,Chronic Absence,Suspension,Expulsion,Grad,Dropout,Grades Served,Number of Schools,Enrollment,Black,Hispanic,Native,EL,SWD,ED,Expenditures,BHN,Region,Accountability Status 2015
2016.0,0.0,State of Tennessee,,,,14.1,24.0,56.5,39.7,27.5,35.8,27.4,24.0,17.5,23.5,17.5,29.9,,,,,,,,,,19.9,41.9,,,,87.8,8.1,PK-12,1835,944716,24.1,9.0,0.3,5.0,14.0,35.1,9499.1,33.4,State,
2016.0,10.0,Anderson County,,,,20.6,30.3,64.0,48.8,25.7,37.5,27.4,25.4,,,,34.7,Level 4,Level 1,Level 3,Level 5,Level 5,20.3,19.8,21.5,20.9,20.8,50.6,14.0,,,97.0,2.3,PK-12,17,6267,2.8,1.5,0.5,0.3,18.9,7.2,9869.5,4.8,East TN,In Need of Subgroup Improvement
2016.0,11.0,Clinton City,,,,,,,,,,,,,,,,,,,,,,,,,,,13.5,,,,,PK-6,3,866,5.2,3.8,0.3,1.2,17.6,35.7,9967.2,9.3,East TN,Intermediate
2016.0,12.0,Oak Ridge City,,,,27.1,34.2,81.5,69.2,43.3,63.7,37.3,42.8,,,,36.1,Level 5,Level 5,Level 5,Level 5,Level 5,22.9,22.3,23.9,22.9,23.1,63.2,18.7,,,90.0,4.2,K-12,7,4348,17.3,8.5,0.7,3.1,14.7,28.7,13063.0,26.5,East TN,In Need of Subgroup Improvement
2016.0,20.0,Bedford County,,,,7.4,12.7,51.4,28.3,22.6,33.9,29.7,20.5,,,,19.0,Level 1,Level 5,Level 1,Level 1,Level 1,18.0,18.1,19.0,18.9,18.6,31.7,12.7,,,92.8,4.3,PK-12,14,8365,11.6,20.9,0.5,9.2,10.7,38.7,7711.3,33.0,South Central,Intermediate
2016.0,30.0,Benton County,,,,,,73.8,60.4,25.4,40.7,38.9,,20.5,26.7,27.3,43.0,Level 5,Level 5,Level 5,Level 5,Level 5,18.4,18.9,19.1,19.2,19.1,38.1,16.0,,,94.3,3.2,PK-12,8,2105,4.2,1.8,0.3,0.4,19.5,41.5,9958.5,6.3,Northwest,In Need of Subgroup Improvement
2016.0,40.0,Bledsoe County,,,,15.5,38.4,64.1,15.9,12.1,25.9,24.6,18.5,,,,20.4,Level 4,Level 1,Level 5,Level 3,Level 3,18.1,18.9,19.5,19.1,19.0,34.7,17.9,,,83.8,11.5,PK-12,5,1676,1.5,6.0,0.5,1.9,22.3,45.0,10120.5,8.0,Upper Cumberland,Intermediate
2016.0,50.0,Blount County,,,,26.9,21.8,57.0,32.7,25.2,34.9,32.0,23.0,,,,44.6,Level 5,Level 3,Level 5,Level 3,Level 5,21.3,20.4,21.6,21.2,21.3,52.6,15.1,,,90.5,6.1,PK-12,20,10323,3.3,4.6,0.5,2.0,12.9,29.5,9227.5,8.4,East TN,In Need of Subgroup Improvement
2016.0,51.0,Alcoa City,,,,24.9,40.7,86.4,69.8,38.5,57.7,52.4,39.0,,,,62.3,Level 5,Level 5,Level 5,Level 5,Level 5,22.7,20.6,22.4,22.0,22.1,58.9,8.3,,,99.2,0.0,PK-12,4,1864,22.9,9.8,0.7,3.7,13.3,31.9,11132.1,33.4,East TN,Intermediate
2016.0,52.0,Maryville City,,,,33.2,57.7,84.5,69.4,49.6,58.9,56.4,54.7,,,,49.8,Level 5,Level 5,Level 5,Level 5,Level 4,23.7,22.8,24.0,23.6,23.7,70.1,2.0,,,94.2,4.4,PK-12,7,4954,4.8,4.7,0.2,3.3,12.9,19.4,10396.9,9.7,East TN,Intermediate
2016.0,60.0,Bradley County,,,,,,59.9,42.2,32.2,40.6,35.1,,42.0,30.0,20.5,35.2,Level 5,Level 5,Level 5,Level 5,Level 5,19.6,18.7,20.6,20.0,19.8,41.4,16.4,,,92.1,6.4,PK-12,18,9691,3.8,4.8,0.2,1.6,11.6,29.6,8352.3,8.8,Southeast,Intermediate
2016.0,61.0,Cleveland City,,,,23.5,23.1,47.0,54.5,30.4,39.5,22.3,25.7,,,,20.0,Level 4,Level 4,Level 3,Level 5,Level 3,19.7,19.4,20.9,20.8,20.4,43.7,17.7,,,86.0,11.9,PK-12,9,5303,14.5,20.9,0.4,9.3,14.4,39.6,9364.7,35.8,Southeast,Intermediate
2016.0,70.0,Campbell County,,,,8.6,6.0,49.0,20.1,16.8,27.3,25.3,2.2,0.0,,0.0,15.3,Level 2,Level 5,Level 1,Level 5,Level 2,17.4,17.0,19.0,18.1,18.0,24.1,19.8,,,87.6,1.7,PK-12,15,5306,0.4,1.2,0.1,0.5,14.2,48.8,8717.4,1.7,East TN,In Need of Subgroup Improvement
2016.0,80.0,Cannon County,,,,,14.5,44.0,29.1,24.1,27.1,30.0,,22.6,11.9,0.0,33.3,Level 1,Level 1,Level 1,Level 1,Level 3,18.9,18.4,19.7,19.3,19.3,40.7,13.0,,,88.1,10.7,PK-12,7,1908,1.7,2.7,0.1,0.4,15.6,36.3,8379.0,4.5,Upper Cumberland,In Need of Subgroup Improvement
2016.0,92.0,Hollow Rock - Bruceton,,,,0.0,3.9,50.0,47.8,12.5,26.7,15.1,4.3,,,,10.2,Level 3,Level 4,Level 2,Level 3,Level 2,17.3,17.6,17.7,18.3,17.9,30.6,7.7,,,88.5,5.8,PK-12,2,636,9.4,2.1,0.4,,21.8,46.3,7831.0,11.9,Northwest,In Need of Subgroup Improvement
2016.0,93.0,Huntingdon SSD,,,,21.5,25.0,70.3,37.3,31.6,35.7,36.2,14.1,,,,38.8,Level 3,Level 3,Level 3,Level 1,Level 4,19.1,18.8,20.8,19.8,19.8,35.5,7.3,,,100.0,0.0,PK-12,3,1174,20.0,1.4,0.4,,17.4,42.4,8362.5,21.8,Northwest,Exemplary
2016.0,94.0,McKenzie SSD,,,,16.4,14.1,71.8,83.1,30.3,32.2,37.9,18.6,,,,33.8,Level 1,Level 1,Level 1,Level 5,Level 4,19.9,19.8,21.0,20.8,20.5,47.1,3.2,,,98.0,1.0,PK-12,3,1300,16.3,4.8,0.4,1.3,16.0,41.1,7857.8,21.5,Northwest,Exemplary
2016.0,95.0,South Carroll SSD,,,,8.3,11.1,78.6,45.2,45.0,39.3,28.6,,,,,0.0,Level 5,Level 3,Level 5,Level 5,Level 2,19.3,19.3,20.0,20.0,19.8,40.7,8.4,,,91.9,2.7,PK-12,1,333,8.1,0.8,,0.3,13.4,30.8,9121.7,8.9,Northwest,Intermediate
2016.0,97.0,West Carroll SSD,,,,10.7,23.9,74.3,53.1,31.2,30.9,35.1,30.1,,,,15.9,Level 3,Level 3,Level 2,Level 5,Level 1,18.0,18.1,18.4,18.4,18.4,29.2,14.9,,,95.6,2.9,PK-12,3,891,10.7,1.5,1.0,0.1,19.7,44.7,8965.9,13.2,Northwest,In Need of Subgroup Improvement
2016.0,100.0,Carter County,,,,,,57.1,29.8,19.5,29.3,32.1,,16.8,8.6,4.5,37.9,Level 5,Level 5,Level 1,Level 5,Level 5,18.6,17.7,19.7,19.5,19.0,32.2,25.9,,,84.2,12.5,PK-12,15,5158,1.3,2.0,0.5,0.5,17.1,46.1,9478.6,3.8,First TN,Intermediate
2016.0,101.0,Elizabethton City,,,,25.1,23.6,55.6,46.3,23.4,45.1,35.9,38.6,,,,34.6,Level 1,Level 1,Level 5,Level 1,Level 1,20.1,19.5,20.8,20.2,20.3,48.6,13.6,,,91.0,7.0,PK-12,5,2384,4.2,2.4,0.2,0.9,16.4,33.6,9721.0,6.8,First TN,Intermediate
2016.0,110.0,Cheatham County,,,,,,61.9,45.7,28.1,40.9,20.7,,41.6,6.0,11.7,39.5,Level 3,Level 3,Level 1,Level 3,Level 5,19.6,19.1,20.3,20.2,19.9,43.1,15.7,,,90.1,6.0,PK-12,13,6156,2.5,3.9,0.6,1.0,16.4,30.0,9090.3,7.0,Mid Cumberland,Intermediate
2016.0,120.0,Chester County,,,,16.3,8.0,67.8,60.0,29.9,35.4,40.3,20.6,,,,33.1,Level 5,Level 5,Level 1,Level 5,Level 5,19.6,18.7,19.2,19.5,19.4,39.2,17.2,,,93.3,4.7,PK-12,6,2802,13.8,3.3,0.5,0.4,10.5,34.0,7792.6,17.6,Southwest/Memphis,Intermediate
2016.0,130.0,Claiborne County,,,,7.3,9.8,56.1,25.5,20.7,34.4,20.8,12.7,,,,21.7,Level 1,Level 3,Level 1,Level 3,Level 2,17.7,17.2,18.9,18.4,18.3,28.1,25.2,,,90.4,5.5,PK-12,13,4205,2.1,1.3,0.4,0.3,14.1,41.0,9643.0,3.8,East TN,In Need of Subgroup Improvement
2016.0,140.0,Clay County,,,,,,67.1,30.8,17.0,35.7,27.3,,17.6,31.9,21.2,,Level 5,Level 5,Level 5,Level 5,,18.1,18.6,19.9,19.9,19.3,36.6,11.9,,,95.9,2.7,PK-12,4,1029,2.4,2.3,0.1,1.1,16.4,9.7,9263.1,4.8,Upper Cumberland,In Need of Subgroup Improvement
2016.0,150.0,Cocke County,,,,1.2,9.5,47.6,29.7,21.6,25.2,26.1,7.8,18.5,47.6,,26.1,Level 1,Level 1,Level 1,Level 1,Level 2,17.4,17.8,18.5,18.6,18.2,26.1,21.8,,,89.8,7.6,PK-12,12,4398,4.0,3.2,0.2,0.4,16.3,45.9,9516.3,7.4,First TN,In Need of Subgroup Improvement
2016.0,151.0,Newport City,,,,,,,,,,,,,,,,,,,,,,,,,,,12.9,,,,,PK-8,1,698,8.2,3.4,0.8,0.9,12.4,39.0,9418.5,12.4,First TN,In Need of Subgroup Improvement
2016.0,160.0,Coffee County,,,,20.9,15.9,59.0,40.6,33.2,30.8,21.7,23.6,,,,22.1,Level 3,Level 3,Level 5,Level 1,Level 1,19.3,18.9,20.1,20.0,19.7,40.4,14.9,,,89.9,7.9,PK-12,10,4284,3.0,5.6,0.3,1.2,14.0,36.1,9230.6,8.9,South Central,Intermediate
2016.0,161.0,Manchester City,,,,86.7,,,,,,,,,,,,Level 3,,Level 3,,,,,,,,,14.2,,,,,PK-8,3,1268,5.8,15.3,0.5,10.9,20.0,38.9,11474.0,21.6,South Central,Exemplary
2016.0,162.0,Tullahoma City,,,,16.7,25.9,57.1,46.9,50.0,42.4,24.8,62.6,,0.0,0.0,19.2,Level 1,Level 2,Level 3,Level 1,Level 1,20.7,20.6,21.6,20.7,21.1,50.7,16.8,,,81.9,16.2,PK-12,7,3337,12.2,6.4,0.4,1.5,14.8,30.9,9846.2,19.0,South Central,In Need of Subgroup Improvement
2016.0,170.0,Crockett County,,,,13.2,10.5,59.2,41.2,29.2,26.3,37.7,17.0,,,,48.3,Level 4,Level 5,Level 1,Level 5,Level 5,19.0,18.1,19.3,19.5,19.1,35.9,4.3,,,96.5,1.5,PK-12,5,1910,13.7,15.1,0.1,4.5,0.6,35.8,8381.9,28.9,Northwest,Intermediate
2016.0,171.0,Alamo City,,,,,,,,,,,,,,,,,,,,,,,,,,,9.4,,,,,PK-6,1,580,13.4,16.7,,9.5,13.7,42.9,8642.4,30.1,Northwest,In Need of Improvement
2016.0,172.0,Bells City,,,,,,,,,,,,,,,,,,,,,,,,,,,4.8,,,,,PK-5,1,372,18.1,22.3,,10.9,11.8,37.7,8386.0,40.4,Northwest,Intermediate
2016.0,180.0,Cumberland County,,,,25.8,30.7,59.3,46.5,34.5,38.1,35.5,28.7,,,,30.3,Level 1,Level 1,Level 5,Level 1,Level 1,19.5,20.2,21.0,20.6,20.4,49.1,17.5,,,91.7,6.6,PK-12,12,7089,1.2,4.7,0.4,1.7,16.5,6.8,8443.1,6.3,Upper Cumberland,In Need of Subgroup Improvement
2016.0,190.0,Davidson County,,,,8.2,13.6,40.3,26.5,22.3,27.9,15.9,16.2,21.6,28.1,,18.5,Level 1,Level 5,Level 1,Level 1,Level 5,18.1,18.1,19.3,18.9,18.7,31.3,17.2,,,81.6,12.4,PK-12,164,80496,43.5,21.9,0.2,17.6,12.8,53.9,11725.9,65.6,Mid Cumberland,Intermediate
2016.0,200.0,Decatur County,,,,6.2,10.8,52.7,25.0,26.3,32.5,32.2,11.7,,,,10.4,Level 1,Level 1,Level 1,Level 1,Level 1,19.1,18.2,19.8,19.8,19.3,39.0,19.5,,,89.5,10.5,PK-12,4,1569,4.0,4.5,0.2,1.5,19.2,36.3,8820.7,8.7,Southwest/Memphis,In Need of Subgroup Improvement
2016.0,210.0,DeKalb County,,,,6.4,10.2,67.3,45.5,31.3,26.5,22.3,14.5,,,,27.3,Level 1,Level 2,Level 1,Level 5,Level 3,18.2,17.4,19.4,19.5,18.8,34.0,11.1,,,95.8,3.7,PK-12,6,2827,1.8,11.5,0.2,5.7,14.8,39.8,8045.0,13.5,Upper Cumberland,Intermediate
2016.0,220.0,Dickson County,,,,13.7,20.5,56.5,38.6,29.1,38.6,35.6,26.2,,,,39.8,Level 1,Level 1,Level 1,Level 1,Level 4,19.5,19.1,20.3,20.1,19.9,40.0,14.4,,,90.2,6.0,PK-12,15,8055,8.0,5.2,0.4,1.9,16.4,31.7,8566.0,13.6,Mid Cumberland,In Need of Subgroup Improvement
2016.0,230.0,Dyer County,,,,30.6,32.3,65.4,56.4,27.8,41.1,39.8,25.9,,,,45.3,Level 5,Level 5,Level 5,Level 5,Level 5,21.4,20.0,21.7,21.2,21.2,50.2,11.3,,,94.2,4.1,PK-12,8,3748,7.2,3.3,0.2,0.8,11.6,35.5,8718.7,10.7,Northwest,Intermediate
2016.0,231.0,Dyersburg City,,,,36.3,28.2,64.1,68.4,39.0,37.6,14.5,36.0,,,,36.7,Level 4,Level 3,Level 5,Level 1,Level 5,19.9,19.8,20.5,20.1,20.2,40.3,15.5,,,87.3,10.6,PK-12,4,2540,42.8,5.5,0.2,1.9,15.1,52.1,10097.2,48.5,Northwest,Intermediate
2016.0,240.0,Fayette County,,,,2.3,0.6,52.0,7.4,9.8,23.8,12.1,0.5,,,,12.0,Level 1,Level 3,Level 1,Level 3,Level 4,15.0,16.1,16.2,16.6,16.1,11.6,24.3,,,80.2,13.7,PK-12,7,3175,59.1,5.4,0.1,0.9,14.7,57.9,9261.3,64.6,Southwest/Memphis,In Need of Subgroup Improvement
2016.0,250.0,Fentress County,,,,18.4,22.4,92.1,44.7,37.8,45.0,38.4,30.6,,,,62.5,Level 5,Level 3,Level 5,Level 5,Level 5,17.2,17.2,17.6,19.1,17.9,26.2,17.2,,,98.5,1.5,PK-12,6,2067,0.5,1.4,0.1,0.4,16.8,49.9,9825.3,2.0,Upper Cumberland,Intermediate
2016.0,260.0,Franklin County,,,,11.2,21.0,57.4,32.7,17.2,33.0,30.2,15.1,,,,33.5,Level 1,Level 2,Level 1,Level 3,Level 3,18.8,18.3,19.3,19.2,19.1,34.8,15.1,,,90.5,7.3,PK-12,11,5322,7.4,4.5,0.4,1.2,16.1,31.9,8922.8,12.3,South Central,In Need of Subgroup Improvement
2016.0,271.0,Humboldt City,,,,0.0,2.8,37.3,1.3,17.0,24.6,5.3,12.1,,,,3.0,Level 1,Level 1,Level 1,Level 1,Level 1,15.3,17.2,17.4,17.7,17.1,23.9,19.4,,,85.7,13.1,PK-12,3,1008,74.6,3.2,0.4,1.3,15.5,64.8,10869.7,78.2,Northwest,In Need of Subgroup Improvement
2016.0,272.0,Milan SSD,,,,23.9,13.3,66.9,66.2,20.6,30.6,41.6,13.2,,,,36.5,Level 1,Level 3,Level 1,Level 5,Level 5,18.8,19.3,19.7,19.7,19.5,38.1,8.0,,,95.4,2.0,PK-12,3,1894,27.0,3.2,0.3,0.6,17.6,25.3,8795.2,30.5,Northwest,Intermediate
2016.0,273.0,Trenton SSD,,,,19.3,22.6,60.0,,23.4,50.6,33.0,25.3,,,,,Level 3,Level 3,Level 2,Level 3,,19.4,19.4,19.0,19.9,19.6,40.0,11.9,,,85.7,10.5,PK-12,3,1265,28.6,7.1,0.1,2.9,12.7,37.5,9113.7,35.8,Northwest,Intermediate
2016.0,274.0,Bradford SSD,,,,62.5,67.6,62.2,53.1,33.3,38.2,47.2,37.5,,,,16.7,Level 4,Level 3,Level 5,Level 4,Level 1,20.1,21.8,20.3,21.4,21.1,64.0,7.2,,,89.2,10.8,PK-12,2,496,5.7,0.9,0.9,,15.7,35.0,9783.3,7.5,Northwest,In Need of Subgroup Improvement
2016.0,275.0,Gibson County SSD,,,,34.0,37.5,76.8,54.3,35.6,53.0,36.2,37.0,,,,37.2,Level 5,Level 4,Level 5,Level 5,Level 4,20.7,20.1,21.1,20.7,20.8,51.4,7.9,,,94.6,4.3,PK-12,9,3891,8.1,2.5,0.0,0.4,13.2,20.3,7194.3,10.6,Northwest,In Need of Subgroup Improvement
2016.0,280.0,Giles County,,,,7.8,5.5,45.7,28.3,21.8,32.9,20.5,20.1,,,,22.1,Level 1,Level 1,Level 1,Level 1,Level 1,17.8,17.6,19.1,18.8,18.5,31.6,9.8,,,83.6,14.0,PK-12,8,3823,17.7,2.5,0.4,1.0,12.4,40.2,9088.3,20.6,South Central,Intermediate
2016.0,290.0,Grainger County,,,,6.0,20.5,60.5,35.8,18.3,30.6,29.1,10.0,,,,24.1,Level 5,Level 5,Level 2,Level 5,Level 3,16.8,17.4,18.5,18.5,17.9,23.0,18.6,,,89.3,8.0,PK-12,9,3444,0.8,5.3,0.2,1.3,17.1,4.7,8805.2,6.3,East TN,Intermediate
2016.0,300.0,Greene County,,,,24.7,19.7,61.0,54.5,30.0,36.2,31.9,23.5,,,,32.5,Level 5,Level 5,Level 5,Level 5,Level 5,18.8,18.9,19.6,19.8,19.4,36.6,11.8,,,92.1,3.4,PK-12,16,6584,1.6,2.8,0.3,0.8,18.1,35.8,8382.7,4.7,First TN,In Need of Subgroup Improvement
2016.0,301.0,Greeneville City,,,,42.3,50.8,82.3,86.9,36.5,38.4,31.2,42.4,,,,21.7,Level 2,Level 1,Level 5,Level 5,Level 1,22.0,21.3,23.3,22.9,22.5,63.5,11.8,,,96.2,0.0,PK-12,7,2714,9.7,7.5,1.4,2.9,16.6,30.2,10944.6,18.6,First TN,In Need of Subgroup Improvement
2016.0,310.0,Grundy County,,,,6.8,13.9,45.9,25.0,16.2,30.9,22.7,7.1,,,,25.8,Level 2,Level 3,Level 3,Level 1,Level 4,16.4,17.4,18.0,17.5,17.5,22.1,15.1,,,86.0,7.3,PK-12,8,2021,0.2,1.1,0.1,0.5,18.2,7.8,9170.2,1.4,Southeast,In Need of Subgroup Improvement
2016.0,320.0,Hamblen County,,,,38.2,37.6,66.5,41.7,30.6,45.0,24.1,27.8,,,,31.5,Level 5,Level 4,Level 5,Level 2,Level 4,19.3,19.8,20.7,20.3,20.2,45.6,10.3,,,93.0,5.0,PK-12,18,9934,6.9,23.8,0.4,13.2,13.6,45.7,8436.7,31.1,First TN,Intermediate
2016.0,330.0,Hamilton County,,,,16.6,18.6,53.6,28.8,23.5,31.8,26.2,20.8,,,,21.9,Level 2,Level 5,Level 1,Level 1,Level 2,19.1,19.2,20.1,19.9,19.8,40.1,17.1,,,85.4,9.2,PK-12,79,42324,30.8,10.5,0.2,5.8,12.6,35.7,9728.3,41.5,Southeast,In Need of Subgroup Improvement
2016.0,340.0,Hancock County,,,,5.9,16.7,21.8,17.9,28.0,31.0,27.4,8.3,,,,11.9,Level 5,Level 5,Level 2,Level 2,Level 4,16.7,17.8,18.5,18.3,17.9,27.3,19.6,,,83.6,12.3,K-12,2,973,0.6,0.7,0.2,0.4,20.4,53.5,9734.0,1.5,First TN,In Need of Subgroup Improvement
2016.0,350.0,Hardeman County,,,,7.1,24.6,43.4,22.9,13.2,28.3,24.1,11.9,,,,13.7,Level 1,Level 3,Level 1,Level 1,Level 1,16.4,17.1,18.0,17.7,17.5,22.3,15.6,,,89.8,5.5,PK-12,9,3544,54.1,1.3,0.1,0.7,14.8,42.2,9940.2,55.5,Southwest/Memphis,In Need of Subgroup Improvement
2016.0,360.0,Hardin County,,,,12.2,26.5,57.4,33.8,20.3,28.7,23.1,18.9,,,,21.5,Level 3,Level 1,Level 5,Level 3,Level 2,18.6,18.1,19.8,18.7,19.0,40.4,17.4,,,87.5,9.2,PK-12,7,3391,6.0,2.3,0.4,0.1,17.0,46.7,9363.1,8.7,Southwest/Memphis,Intermediate
2016.0,370.0,Hawkins County,,,,16.8,27.5,58.6,27.2,22.2,35.3,31.9,14.7,,,,22.1,Level 5,Level 5,Level 5,Level 1,Level 3,20.1,19.4,21.0,20.6,20.4,47.3,16.2,,,90.4,5.6,PK-12,18,6836,1.9,2.3,0.3,0.2,16.0,39.5,9262.6,4.5,First TN,Exemplary
2016.0,371.0,Rogersville City,,,,,,,,,,,,,,,,,,,,,,,,,,,13.8,,,,,PK-8,1,637,4.7,2.7,0.6,2.0,11.2,28.0,9462.3,8.0,First TN,Intermediate
2016.0,380.0,Haywood County,,,,3.5,4.5,42.8,17.3,14.1,23.6,16.7,0.5,,,,8.9,Level 1,Level 3,Level 1,Level 1,Level 5,16.3,16.9,17.5,17.5,17.2,20.3,14.3,,,85.3,15.1,PK-12,5,2794,63.7,6.4,,1.8,14.7,56.8,9631.0,70.1,Southwest/Memphis,Intermediate
2016.0,390.0,Henderson County,,,,28.3,27.2,68.0,50.9,29.0,42.9,39.1,31.7,,,,28.8,Level 2,Level 3,Level 1,Level 5,Level 1,18.9,19.0,19.9,20.0,19.6,36.6,15.0,,,96.3,1.7,PK-12,9,3800,8.9,2.3,0.0,0.2,14.2,33.9,9082.8,11.2,Southwest/Memphis,In Need of Subgroup Improvement
2016.0,391.0,Lexington City,,,,,,,,,,,,,,,,,,,,,,,,,,,15.4,,,,,PK-8,2,869,25.5,6.8,0.1,1.7,13.0,45.1,10258.6,32.4,Southwest/Memphis,Intermediate
2016.0,400.0,Henry County,,,,20.2,36.4,76.0,52.5,39.0,50.9,54.0,36.3,,,,43.5,Level 5,Level 5,Level 3,Level 5,Level 5,20.5,19.7,21.1,20.9,20.7,49.8,15.6,,,94.0,3.5,PK-12,6,2909,6.7,2.7,0.1,0.9,12.0,34.8,9563.2,9.5,Northwest,In Need of Subgroup Improvement
2016.0,401.0,Paris SSD,,,,64.3,,,,,,,,,,,,Level 1,,Level 1,,,,,,,,,10.4,,,,,K-8,3,1664,25.8,2.0,,0.9,18.4,18.1,8810.6,27.8,Northwest,In Need of Subgroup Improvement
2016.0,410.0,Hickman County,,,,7.9,10.9,45.9,52.0,22.3,28.8,23.5,16.5,,,,29.7,Level 5,Level 5,Level 3,Level 3,Level 5,17.8,17.7,19.1,19.0,18.6,29.6,16.8,,,93.4,4.4,PK-12,8,3291,3.0,1.9,0.5,0.6,19.4,39.5,9495.9,5.4,South Central,Intermediate
2016.0,420.0,Houston County,,,,2.7,16.5,61.1,16.9,15.3,36.8,17.1,23.7,,,,23.9,Level 1,Level 3,Level 1,Level 1,Level 3,18.9,18.7,19.5,20.0,19.4,41.7,32.0,,,92.2,5.6,PK-12,5,1283,5.8,2.8,0.7,,17.0,22.8,9247.6,9.3,Mid Cumberland,Intermediate
2016.0,430.0,Humphreys County,,,,16.6,25.9,56.5,42.2,29.2,35.7,23.3,21.3,,,,30.1,Level 3,Level 3,Level 3,Level 3,Level 2,19.6,18.8,20.5,20.3,19.9,41.9,17.5,,,91.0,8.1,PK-12,7,2787,5.0,2.2,0.4,0.6,14.5,29.9,8588.4,7.6,Mid Cumberland,In Need of Subgroup Improvement
2016.0,440.0,Jackson County,,,,0.0,6.0,52.2,59.6,19.6,32.1,30.6,15.2,7.9,,,28.6,Level 2,Level 2,Level 1,Level 5,Level 3,18.5,17.9,19.8,19.4,19.0,37.5,12.2,,,84.6,10.6,PK-12,4,1450,1.3,1.6,0.2,,18.9,44.4,9326.8,3.1,Upper Cumberland,Intermediate
2016.0,450.0,Jefferson County,,,,22.0,22.3,67.3,50.3,32.3,32.1,26.9,20.8,,,,23.9,Level 5,Level 5,Level 5,Level 5,Level 1,19.2,18.8,20.4,19.5,19.6,38.7,14.0,,,94.6,3.3,PK-12,12,7059,3.3,7.7,0.3,4.2,12.8,37.0,8557.7,11.3,East TN,Intermediate
2016.0,460.0,Johnson County,,,,29.2,27.1,54.4,27.1,25.4,34.0,26.2,31.3,,,,18.0,Level 2,Level 1,Level 5,Level 2,Level 1,19.0,19.5,20.9,20.8,20.1,46.7,15.1,,,94.4,3.4,PK-12,7,1993,0.2,4.7,0.2,1.8,18.9,43.4,10389.3,5.1,First TN,In Need of Subgroup Improvement
2016.0,470.0,Knox County,,,,29.3,32.0,62.8,49.7,34.5,41.6,27.8,35.1,,,,38.5,Level 5,Level 3,Level 5,Level 3,Level 5,21.0,20.1,21.7,21.1,21.1,50.6,16.6,,,90.0,5.3,PK-12,91,56794,16.7,7.9,0.4,4.7,14.2,29.9,9098.7,25.0,East TN,Exemplary
2016.0,480.0,Lake County,,,,5.2,2.4,15.0,30.6,8.6,6.9,15.2,0.0,,,,21.2,Level 1,Level 1,Level 1,Level 1,Level 3,17.5,17.5,18.2,19.1,18.2,31.3,33.8,,,85.2,6.6,PK-12,3,782,28.8,3.2,0.1,0.1,21.7,63.3,11416.2,32.1,Northwest,In Need of Subgroup Improvement
2016.0,490.0,Lauderdale County,,,,22.3,21.2,50.0,29.7,20.2,21.7,20.5,18.9,,,,20.5,Level 1,Level 1,Level 1,Level 3,Level 1,17.1,17.4,18.1,18.2,17.9,26.9,12.5,,,99.1,0.3,PK-12,7,4057,43.1,3.1,0.9,0.9,17.5,51.1,9209.0,47.1,Southwest/Memphis,Intermediate
2016.0,500.0,Lawrence County,,,,24.2,26.1,70.9,54.3,26.9,44.8,26.4,21.9,,,,43.3,Level 1,Level 1,Level 1,Level 5,Level 4,18.3,18.5,19.3,19.5,19.0,37.2,10.7,,,92.8,4.1,PK-12,13,6499,3.2,2.7,0.1,0.6,13.3,27.8,8302.7,6.0,South Central,Intermediate
2016.0,510.0,Lewis County,,,,9.2,12.7,58.0,24.4,17.1,17.7,30.3,14.8,,,,19.4,Level 1,Level 1,Level 4,Level 1,Level 2,17.6,17.6,18.6,18.4,18.2,30.1,11.9,,,86.3,11.8,PK-12,4,1722,4.4,2.7,0.5,0.7,14.7,36.7,8240.3,7.6,South Central,Intermediate
2016.0,520.0,Lincoln County,,,,18.4,34.8,63.3,49.8,36.7,38.2,34.5,23.9,,,,50.5,Level 5,Level 3,Level 5,Level 5,Level 5,19.3,18.5,19.7,19.2,19.3,38.5,14.8,,,96.4,2.6,PK-12,8,3776,3.1,4.2,0.4,0.9,14.3,32.4,8489.3,7.7,South Central,Intermediate
2016.0,521.0,Fayetteville City,,,,14.6,22.4,,67.4,42.5,36.0,,25.3,,,,26.7,Level 5,Level 5,Level 3,Level 5,Level 3,19.4,18.5,20.1,19.3,19.5,41.8,14.5,,,96.1,2.6,PK-12,3,1418,33.3,4.9,0.1,1.4,14.1,44.8,8733.1,38.3,South Central,Intermediate
2016.0,530.0,Loudon County,,,,27.1,20.4,52.5,59.9,21.4,43.2,33.8,25.6,,,,33.8,Level 5,Level 3,Level 5,Level 5,Level 5,18.2,18.6,19.2,18.8,18.8,34.8,14.4,,,86.9,9.3,PK-12,9,4585,2.9,11.6,0.2,4.1,13.2,23.7,9354.2,14.7,East TN,In Need of Subgroup Improvement
2016.0,531.0,Lenoir City,,,,24.4,42.1,58.1,41.4,21.9,46.3,28.3,43.0,,,,34.4,Level 1,Level 1,Level 5,Level 1,Level 1,19.5,19.6,20.8,20.4,20.2,45.2,20.9,,,87.9,10.0,PK-12,3,2210,2.9,27.1,0.4,12.4,15.0,32.8,9023.4,30.4,East TN,In Need of Subgroup Improvement
2016.0,540.0,McMinn County,,,,13.4,24.9,66.4,36.5,25.7,37.9,32.9,27.9,,,,37.9,Level 5,Level 5,Level 2,Level 4,Level 5,18.6,19.1,19.7,19.5,19.4,37.8,20.3,,,93.1,4.3,PK-12,9,5476,5.6,5.2,0.3,1.1,13.0,32.2,8462.1,11.1,Southeast,Intermediate
2016.0,541.0,Athens City,,,,96.4,,,,,,,,,,,,Level 5,Level 5,Level 5,,,,,,,,,10.2,,,,,PK-8,5,1526,17.0,8.8,0.3,2.9,14.2,41.6,10762.3,26.1,Southeast,In Need of Subgroup Improvement
2016.0,542.0,Etowah City,,,,,,,,,,,,,,,,,,,,,,,,,,,19.5,,,,,PK-8,1,348,5.7,3.4,0.5,0.5,19.2,43.7,9301.9,9.6,Southeast,Intermediate
2016.0,550.0,McNairy County,,,,13.0,19.6,53.8,24.7,19.7,23.7,33.0,19.1,,,,31.4,Level 1,Level 1,Level 3,Level 1,Level 2,19.2,19.1,20.1,19.6,19.6,41.8,11.7,,,86.8,10.6,PK-12,8,4134,8.2,2.1,0.1,0.3,12.9,42.8,8184.5,10.4,Southwest/Memphis,Intermediate
2016.0,560.0,Macon County,,,,16.3,12.1,50.7,35.7,19.2,30.1,26.0,25.3,,,,24.3,Level 1,Level 1,Level 5,Level 1,Level 1,19.0,19.0,19.9,20.2,19.7,36.6,12.2,,,80.1,17.8,PK-12,8,3624,0.8,8.9,0.4,2.5,16.7,41.9,8857.0,10.1,Upper Cumberland,In Need of Subgroup Improvement
2016.0,570.0,Jackson-Madison County,,,,10.7,12.1,49.2,24.2,18.2,23.5,20.9,13.5,,,,14.8,Level 5,Level 5,Level 3,Level 5,Level 1,16.9,17.4,18.2,17.9,17.8,25.4,24.1,,,91.0,6.0,PK-12,27,12214,60.8,7.0,0.1,3.9,14.4,47.7,9695.9,67.9,Southwest/Memphis,Intermediate
2016.0,580.0,Marion County,,,,,,64.5,36.8,24.0,38.8,27.7,,20.8,23.8,12.1,37.5,Level 2,Level 1,Level 1,Level 5,Level 5,18.1,18.4,19.6,19.2,19.0,31.8,20.8,,,82.8,12.6,PK-12,10,3985,5.5,2.5,0.2,1.2,13.9,36.0,8815.2,8.2,Southeast,In Need of Improvement
2016.0,581.0,Richard City,,,,28.0,52.4,20.8,38.1,29.2,38.1,45.0,52.6,,,,47.6,Level 5,Level 3,Level 5,Level 1,Level 4,17.2,16.8,18.3,16.5,17.3,25.0,32.7,,,93.3,0.0,PK-12,1,275,6.4,2.4,,1.3,9.4,0.0,8582.6,8.8,Southeast,Intermediate
2016.0,590.0,Marshall County,,,,22.4,34.0,61.6,48.3,24.0,38.0,32.2,26.0,31.1,16.7,,37.7,Level 5,Level 3,Level 5,Level 3,Level 4,18.4,18.4,19.5,19.1,19.0,33.8,15.1,,,92.2,5.2,PK-12,10,5235,9.7,7.9,0.4,2.8,12.4,29.8,8664.6,18.0,South Central,Intermediate
2016.0,600.0,Maury County,,,,18.1,23.4,55.8,35.1,23.4,31.6,29.7,21.3,,,,30.4,Level 5,Level 1,Level 5,Level 5,Level 3,19.1,19.4,19.9,19.6,19.6,39.6,15.4,,,90.8,7.2,PK-12,21,11753,19.5,9.6,0.2,3.1,15.2,37.0,8882.9,29.3,South Central,In Need of Subgroup Improvement
2016.0,610.0,Meigs County,,,,24.5,26.4,58.4,30.9,26.9,39.8,44.3,29.4,,,,22.6,Level 2,Level 3,Level 3,Level 1,Level 2,18.2,19.2,19.3,19.3,19.1,37.3,17.1,,,96.7,1.6,PK-12,4,1666,1.4,1.6,0.2,0.3,19.8,38.1,9137.1,3.2,Southeast,Intermediate
2016.0,620.0,Monroe County,,,,18.7,18.3,49.7,25.9,25.3,27.9,31.2,10.2,,,,30.2,Level 4,Level 4,Level 3,Level 2,Level 4,17.6,18.0,18.8,18.8,18.5,30.9,15.4,,,94.7,3.4,PK-12,12,5292,2.6,5.2,0.4,1.3,15.1,0.2,8553.2,8.2,East TN,Exemplary
2016.0,621.0,Sweetwater City,,,,,,,,,,,,,,,,,,,,,,,,,,,13.5,,,,,PK-8,4,1519,7.4,10.3,0.3,6.4,20.2,42.7,8186.9,18.0,East TN,Intermediate
2016.0,630.0,Montgomery County,,,,20.7,24.4,66.2,53.3,33.5,42.8,33.5,28.9,,,,49.3,Level 5,Level 5,Level 5,Level 5,Level 5,19.4,19.0,20.8,20.3,20.0,42.4,8.9,,,96.5,1.9,PK-12,39,31232,28.6,11.9,1.0,2.6,14.2,28.4,8646.5,41.5,Mid Cumberland,Intermediate
2016.0,640.0,Moore County,,,,22.5,27.6,82.5,57.6,48.4,51.9,15.8,20.9,,,,33.3,Level 5,Level 5,Level 5,Level 5,Level 5,17.2,18.6,18.3,18.9,18.4,32.9,12.7,,,90.4,4.1,K-12,2,846,3.9,0.8,0.1,0.3,15.3,22.5,11025.4,4.8,South Central,Intermediate
2016.0,650.0,Morgan County,,,,5.6,15.2,49.1,19.0,14.6,27.9,26.7,14.6,,,,26.9,Level 5,Level 5,Level 5,Level 2,Level 3,17.6,17.3,19.1,18.8,18.3,33.0,12.6,,,95.8,2.5,PK-12,8,2992,0.9,1.0,0.3,0.5,14.9,0.1,8908.2,2.2,East TN,Intermediate
2016.0,660.0,Obion County,,,,12.2,28.7,56.2,45.9,24.8,35.1,35.5,26.4,,,,19.4,Level 1,Level 1,Level 1,Level 2,Level 1,19.4,19.5,20.3,20.4,20.0,44.5,14.7,,,87.9,10.4,PK-12,7,3353,5.5,4.7,0.0,2.1,14.4,35.3,9113.5,10.2,Northwest,In Need of Improvement
2016.0,661.0,Union City,,,,8.5,38.6,71.7,52.6,28.8,48.6,27.2,25.2,,,,15.1,Level 5,Level 5,Level 3,Level 5,Level 2,22.5,21.3,22.1,22.4,22.2,60.3,11.8,,,88.8,9.2,PK-12,3,1554,39.9,11.6,0.4,4.6,12.0,44.8,9606.2,51.9,Northwest,In Need of Subgroup Improvement
2016.0,670.0,Overton County,,,,33.3,32.5,62.3,68.3,27.3,47.3,24.7,53.1,,,,26.7,Level 5,Level 4,Level 5,Level 4,Level 3,19.5,18.7,20.4,19.8,19.7,44.1,19.5,,,90.6,7.2,PK-12,9,3033,1.9,0.9,0.4,0.1,15.1,24.8,8474.1,3.2,Upper Cumberland,In Need of Subgroup Improvement
2016.0,680.0,Perry County,,,,12.2,17.1,55.6,15.2,9.2,26.6,32.2,16.1,,,,34.9,Level 5,Level 5,Level 5,Level 1,Level 5,18.0,17.6,19.8,18.8,18.7,32.1,22.5,,,94.8,1.0,PK-12,4,1014,3.0,1.9,0.9,,18.1,40.0,9765.1,5.8,South Central,Intermediate
2016.0,690.0,Pickett County,,,,23.5,16.1,33.3,32.4,38.6,37.1,36.7,7.0,,,,23.8,Level 1,Level 3,Level 1,Level 1,Level 1,19.0,18.3,19.9,20.0,19.5,38.8,17.4,,,95.2,4.8,PK-12,2,704,0.9,1.4,,,13.8,33.4,8729.1,2.3,Upper Cumberland,In Need of Subgroup Improvement
2016.0,700.0,Polk County,,,,18.7,25.7,64.8,39.0,22.3,35.1,29.2,18.3,,,,25.6,Level 5,Level 5,Level 5,Level 5,Level 4,17.8,18.0,18.6,19.1,18.5,28.2,19.3,,,91.1,6.1,PK-12,6,2330,1.2,2.2,0.3,0.2,14.2,35.2,8913.2,3.7,Southeast,Intermediate
2016.0,710.0,Putnam County,,,,,,71.1,34.7,31.5,40.2,25.4,0.0,37.0,26.4,27.3,35.9,Level 5,Level 5,Level 5,Level 5,Level 4,19.7,19.9,21.0,20.6,20.5,47.0,14.8,,,93.4,5.0,PK-12,20,10450,4.0,11.9,0.3,6.1,17.0,36.3,8754.6,16.2,Upper Cumberland,In Need of Improvement
2016.0,720.0,Rhea County,,,,15.2,21.4,64.3,34.9,20.7,33.6,32.7,20.8,,,,27.0,Level 3,Level 4,Level 2,Level 3,Level 2,18.6,18.5,19.9,19.5,19.2,37.3,23.4,,,81.2,13.4,PK-12,7,4178,2.7,8.3,0.4,3.0,12.1,44.1,9144.0,11.4,Southeast,Exemplary
2016.0,721.0,Dayton City,,,,25.0,,,,,,,,,,,,Level 1,,Level 1,,,,,,,,,14.5,,,,,PK-8,1,819,7.3,12.3,0.1,7.5,13.4,42.0,8705.0,19.7,Southeast,In Need of Improvement
2016.0,730.0,Roane County,,,,11.6,17.7,59.4,42.8,23.5,38.1,25.7,16.2,,,,34.0,Level 1,Level 1,Level 1,Level 2,Level 2,19.1,19.0,20.2,19.9,19.7,41.2,16.0,,,91.8,6.2,PK-12,17,6469,5.4,2.1,0.6,0.5,17.4,37.4,9410.4,8.1,East TN,In Need of Subgroup Improvement
2016.0,740.0,Robertson County,,,,17.4,17.5,57.9,32.3,20.6,29.4,26.0,18.2,,,,26.8,Level 1,Level 1,Level 1,Level 2,Level 1,18.7,18.9,19.6,19.3,19.3,36.7,13.6,,,95.2,2.6,PK-12,21,10843,11.5,13.0,0.2,6.8,15.5,2.8,8761.0,24.7,Mid Cumberland,Intermediate
2016.0,750.0,Rutherford County,,,,24.4,30.7,59.6,55.3,32.4,39.6,26.0,29.8,7.7,0.0,,34.0,Level 1,Level 1,Level 3,Level 2,Level 3,20.6,19.9,21.1,20.9,20.8,48.4,11.7,,,93.9,3.9,PK-12,47,42068,19.0,12.4,0.2,6.0,10.8,25.3,8495.0,31.6,Mid Cumberland,In Need of Subgroup Improvement
2016.0,751.0,Murfreesboro City,,,,,,,,,,,,,,,,,,,,,,,,,,,7.5,,,,,PK-6,12,7848,28.5,12.4,0.4,7.0,15.5,29.3,9717.9,41.3,Mid Cumberland,In Need of Improvement
2016.0,760.0,Scott County,,,,9.8,8.6,51.5,13.9,19.0,28.5,23.7,10.2,,,,29.4,Level 1,Level 1,Level 1,Level 1,Level 5,16.6,16.7,17.7,17.9,17.3,21.0,10.7,,,90.1,7.2,PK-12,7,2798,0.3,1.2,0.3,0.0,13.4,5.1,8601.9,1.8,East TN,Intermediate
2016.0,761.0,Oneida SSD,,,,18.6,31.0,70.0,32.2,24.5,47.9,43.1,17.9,,,,45.9,Level 5,Level 5,Level 5,Level 3,Level 5,19.0,18.4,20.2,19.9,19.5,39.5,11.7,,,94.1,2.0,PK-12,3,1214,0.2,0.4,0.1,0.1,9.8,31.2,8933.2,0.7,East TN,Intermediate
2016.0,770.0,Sequatchie County,,,,11.5,24.6,64.6,62.6,23.4,31.9,41.9,13.6,,,,30.9,Level 5,Level 5,Level 5,Level 5,Level 3,19.8,18.7,20.4,20.1,19.9,36.6,18.7,,,77.2,14.4,PK-12,3,2158,0.9,5.5,1.0,1.4,17.2,29.0,7966.7,7.4,Southeast,Exemplary
2016.0,780.0,Sevier County,,,,24.8,24.6,55.6,35.9,31.3,36.7,37.9,22.7,,,,36.9,Level 5,Level 5,Level 5,Level 5,Level 5,20.9,19.8,21.7,21.4,21.1,49.8,24.1,,,85.3,12.2,PK-12,29,14034,2.1,10.2,0.5,5.7,14.7,33.9,10206.3,12.8,East TN,Intermediate
2016.0,792.0,Shelby County,,,,6.8,10.5,34.6,19.9,16.4,24.7,15.9,8.5,6.0,25.6,15.0,15.1,Level 1,Level 5,Level 1,Level 1,Level 4,16.5,17.2,17.9,17.7,17.5,21.6,19.5,,,75.0,17.3,PK-12,221,104470,78.0,12.3,0.2,8.4,12.5,59.1,11015.0,90.5,Southwest/Memphis,In Need of Subgroup Improvement
2016.0,793.0,Arlington City,,,,28.6,25.3,72.1,45.9,36.9,47.7,31.2,31.2,,,,52.6,Level 1,Level 1,Level 1,Level 1,Level 5,22.4,21.1,23.3,22.6,22.5,63.2,5.2,,,95.4,2.6,K-12,4,4953,15.1,5.8,0.3,2.3,11.1,6.0,7821.2,21.2,Southwest/Memphis,Exemplary
2016.0,794.0,Bartlett City,,,,22.9,39.4,69.1,48.1,33.6,39.8,27.1,27.3,,,,30.8,Level 5,Level 3,Level 4,Level 5,Level 4,20.5,19.6,21.8,20.9,20.8,46.8,11.6,,,85.5,10.7,PK-12,11,8389,28.1,4.2,0.6,2.2,13.6,17.5,9071.0,32.9,Southwest/Memphis,Exemplary
2016.0,795.0,Collierville City,,,,41.2,47.5,74.4,61.4,50.7,56.1,37.8,51.5,,,,25.9,Level 5,Level 1,Level 5,Level 1,Level 1,25.3,23.5,24.9,24.3,24.6,78.5,7.4,,,91.3,4.9,PK-12,8,7926,18.0,4.7,0.4,4.3,13.5,7.3,8852.3,23.1,Southwest/Memphis,Intermediate
2016.0,796.0,Germantown City,,,,33.1,47.4,74.2,71.8,47.7,58.8,27.9,53.4,,,,25.5,Level 1,Level 1,Level 5,Level 1,Level 1,25.5,23.5,25.4,24.5,24.9,80.5,6.2,,,89.5,6.9,PK-12,5,5670,11.7,3.5,0.3,2.6,9.7,2.0,8764.8,15.5,Southwest/Memphis,Exemplary
2016.0,797.0,Lakeland City,,,,,,,,,,,,,,,,,,,,,,,,,,,4.9,,,,,K-5,1,892,10.6,3.3,0.3,4.9,16.0,7.0,8177.4,14.2,Southwest/Memphis,Exemplary
2016.0,798.0,Millington City,,,,10.5,4.6,57.1,24.7,17.9,26.2,20.7,7.4,,,,31.2,Level 4,Level 5,Level 1,Level 2,Level 5,18.1,18.4,18.9,18.7,18.7,33.2,18.2,,,84.1,11.5,PK-12,4,2490,39.7,12.2,0.7,4.2,17.5,34.7,10277.7,52.6,Southwest/Memphis,In Need of Subgroup Improvement
2016.0,800.0,Smith County,,,,,,57.9,28.1,29.0,28.3,27.0,,28.0,40.2,10.7,24.8,Level 1,Level 1,Level 5,Level 1,Level 1,18.7,19.1,20.2,20.1,19.7,38.5,7.0,,,90.7,6.6,PK-12,9,2977,3.7,3.6,0.1,0.5,15.0,33.9,8279.3,7.4,Upper Cumberland,In Need of Subgroup Improvement
2016.0,810.0,Stewart County,,,,14.0,30.6,70.2,30.3,30.7,45.3,34.7,15.4,,,,43.8,Level 1,Level 4,Level 1,Level 2,Level 3,19.9,20.6,20.4,21.3,20.7,48.1,18.3,,,97.4,1.3,PK-12,5,1950,2.5,2.5,0.5,0.2,12.5,28.2,9257.3,5.5,Mid Cumberland,Intermediate
2016.0,820.0,Sullivan County,,,,20.5,24.4,65.1,29.6,29.8,34.8,32.3,32.1,,,,31.8,Level 1,Level 1,Level 3,Level 1,Level 3,20.5,19.8,21.3,20.8,20.8,48.2,19.3,,,93.4,5.1,PK-12,23,9770,1.6,1.7,0.4,0.4,17.4,32.4,9572.8,3.7,First TN,In Need of Improvement
2016.0,821.0,Bristol City,,,,,,58.0,66.0,32.3,41.3,33.0,,39.4,26.9,29.7,54.7,Level 3,Level 1,Level 5,Level 1,Level 5,21.7,20.2,22.7,21.6,21.7,55.2,13.8,,,90.4,7.6,PK-12,8,3894,5.5,3.4,0.4,0.9,16.0,30.4,9841.0,9.3,First TN,In Need of Subgroup Improvement
2016.0,822.0,Kingsport City,,,,51.7,58.9,79.7,72.1,42.9,48.8,34.2,51.8,,,,66.8,Level 5,Level 2,Level 5,Level 5,Level 5,22.2,22.5,22.8,22.8,22.7,62.6,16.3,,,93.7,4.0,PK-12,12,7005,10.8,4.0,0.4,1.1,18.6,39.8,10726.4,15.2,First TN,In Need of Subgroup Improvement
2016.0,830.0,Sumner County,,,,20.7,24.3,61.9,46.3,30.3,38.1,31.1,25.1,,,,37.1,Level 1,Level 1,Level 4,Level 4,Level 1,21.1,20.2,22.0,21.4,21.3,52.4,8.8,,,91.6,4.9,PK-12,49,28136,11.4,6.8,0.4,2.0,15.3,21.3,8655.8,18.6,Mid Cumberland,Intermediate
2016.0,840.0,Tipton County,,,,18.9,20.3,57.5,33.7,22.9,30.1,31.4,27.4,,,,20.0,Level 1,Level 1,Level 1,Level 1,Level 1,20.4,19.5,20.6,20.4,20.4,46.5,15.9,,,97.7,0.9,PK-12,14,10806,24.3,1.9,0.2,0.5,16.0,35.7,8402.5,26.4,Southwest/Memphis,Intermediate
2016.0,850.0,Trousdale County,,,,,29.0,72.0,66.7,33.3,36.5,44.4,,37.0,52.9,,19.0,Level 2,Level 2,Level 2,Level 4,Level 1,20.3,20.0,20.5,20.9,20.6,44.0,14.0,,,98.7,1.3,PK-12,3,1217,14.0,3.7,0.2,1.3,16.4,39.1,8324.4,17.9,Upper Cumberland,Intermediate
2016.0,860.0,Unicoi County,,,,17.4,12.3,58.9,43.3,34.0,42.6,20.8,26.5,,,,39.4,Level 5,Level 5,Level 5,Level 5,Level 3,18.9,18.2,19.8,19.9,19.3,36.0,20.3,,,89.5,6.4,K-12,7,2272,0.6,11.8,0.3,4.7,18.8,40.3,9623.0,12.7,First TN,In Need of Subgroup Improvement
2016.0,870.0,Union County,,,,13.8,24.6,42.9,31.5,15.4,20.9,29.2,17.4,,,,33.5,Level 5,Level 2,Level 5,Level 3,Level 3,19.2,18.0,20.1,19.2,19.3,31.5,12.6,,,91.9,5.1,PK-12,10,3447,3.7,2.1,0.5,0.4,15.3,45.5,9700.1,6.3,East TN,Intermediate
2016.0,880.0,Van Buren County,,,,5.6,6.5,66.0,12.8,20.8,28.1,15.0,2.3,,,,14.0,Level 3,Level 2,Level 3,Level 3,Level 3,18.7,18.3,19.3,19.3,19.1,33.3,17.2,,,98.5,1.5,PK-12,2,724,0.1,0.8,,,17.2,12.4,9888.3,0.9,Upper Cumberland,Intermediate
2016.0,890.0,Warren County,,,,,,49.3,32.7,18.5,29.7,12.4,,15.5,17.5,11.0,24.7,Level 1,Level 1,Level 1,Level 1,Level 3,17.9,18.0,19.0,18.9,18.6,32.0,19.1,,,91.1,5.7,PK-12,11,6278,5.7,15.2,0.5,6.1,16.2,45.0,8910.2,21.4,Upper Cumberland,Intermediate
2016.0,900.0,Washington County,,,,28.0,33.1,59.3,60.0,31.2,40.6,39.1,34.2,,,,43.9,Level 2,Level 1,Level 5,Level 1,Level 5,20.8,20.0,21.0,20.7,20.8,50.0,16.7,,,88.8,7.1,PK-12,17,8466,2.5,3.3,0.4,0.5,14.9,27.3,8549.7,6.2,First TN,In Need of Subgroup Improvement
2016.0,901.0,Johnson City,,,,55.4,59.4,74.9,55.9,45.5,47.2,46.9,55.9,,,,38.3,Level 1,Level 1,Level 5,Level 1,Level 2,22.2,22.4,23.1,22.8,22.8,61.5,11.6,,,91.9,3.3,PK-12,11,7702,15.0,9.2,0.3,5.4,13.8,33.8,9683.3,24.5,First TN,In Need of Subgroup Improvement
2016.0,910.0,Wayne County,,,,13.2,23.0,74.7,24.3,26.2,45.6,16.3,15.7,,,,20.9,Level 2,Level 4,Level 2,Level 3,Level 1,18.5,17.5,18.5,18.4,18.4,28.9,18.4,,,95.2,2.0,PK-12,8,2191,1.2,2.2,0.2,0.0,18.9,27.3,9318.0,3.6,South Central,In Need of Subgroup Improvement
2016.0,920.0,Weakley County,,,,11.0,26.2,68.5,46.1,29.9,50.1,46.4,29.2,,,,32.4,Level 1,Level 4,Level 1,Level 1,Level 2,20.7,20.1,21.1,20.7,20.8,50.7,13.5,,,93.8,4.0,PK-12,11,4163,10.3,2.2,0.1,0.7,14.2,30.9,8311.9,12.6,Northwest,In Need of Improvement
2016.0,930.0,White County,,,,,37.3,64.0,55.7,22.0,26.4,42.4,0.0,21.0,32.7,,46.9,Level 1,Level 1,Level 2,Level 4,Level 5,18.0,18.2,18.7,18.8,18.6,29.2,2.2,,,94.0,3.9,PK-12,9,3777,3.4,2.2,0.3,0.6,16.4,42.2,7955.8,5.9,Upper Cumberland,In Need of Subgroup Improvement
2016.0,940.0,Williamson County,,,,44.0,45.9,63.0,58.6,43.9,46.6,28.1,55.0,,,,25.0,Level 1,Level 1,Level 5,Level 1,Level 1,24.5,23.5,24.7,24.1,24.4,78.9,5.7,,,95.5,1.8,PK-12,42,35670,5.1,5.5,0.6,1.8,10.0,4.2,8945.6,11.2,Mid Cumberland,Intermediate
2016.0,941.0,Franklin SSD,,,,75.0,,,,,,,100.0,,,,,Level 2,,Level 2,,,,,,,,,5.7,,,,,PK-8,8,3376,14.9,25.0,0.7,12.6,12.0,15.1,13984.4,40.6,Mid Cumberland,Intermediate
2016.0,950.0,Wilson County,,,,20.7,31.3,68.7,43.3,33.5,41.9,28.7,33.3,,,,34.2,Level 1,Level 1,Level 3,Level 1,Level 1,20.7,19.6,21.0,20.6,20.6,48.0,12.8,,,95.7,3.3,PK-12,21,16905,8.3,5.1,0.1,2.5,15.1,15.3,7858.8,13.5,Mid Cumberland,In Need of Subgroup Improvement
2016.0,951.0,Lebanon SSD,,,,89.8,,,,,,,,,,,,Level 5,Level 5,Level 3,,,,,,,,,10.2,,,,,PK-8,6,3498,17.7,13.6,0.3,9.3,13.9,35.1,9019.2,31.6,Mid Cumberland,In Need of Subgroup Improvement
2016.0,960.0,West Tenn School for Deaf,,,,,,,,,,,,,,,,,,,,,,,,,,,0.0,,,,,K-6,1,,35.9,5.1,,,97.4,3.4,,41.0,Southwest/Memphis,
2016.0,961.0,Alvin C. York Institute,,,,11.9,18.7,63.4,24.8,34.5,47.7,32.8,24.6,,,,60.2,Level 5,Level 5,Level 4,Level 1,Level 5,19.7,18.7,20.1,19.9,19.8,38.2,18.7,,,74.8,13.8,Grades 9-12,1,,0.3,1.2,0.3,,10.6,31.0,,1.8,Upper Cumberland,Intermediate
2016.0,963.0,Tenn School for Blind,,,,0.0,,72.7,,,46.7,,7.7,,,,,Level 5,,Level 3,Level 5,,,,,,,,38.7,,,21.4,7.1,PK-12,1,,18.8,9.0,,1.5,98.5,0.0,,27.8,Mid Cumberland,In Need of Subgroup Improvement
2016.0,964.0,Tenn School for Deaf,,,,14.3,0.0,6.7,,0.0,0.0,0.0,,,,,0.0,Level 5,Level 4,Level 4,Level 2,Level 5,,,,,,,28.2,,,83.3,4.2,K-12,3,,27.1,5.8,,,99.4,29.5,,32.9,East TN,
2016.0,970.0,Department of Children's Services,,,,0.0,0.0,2.6,,0.0,0.0,6.3,0.0,,,,0.0,Level 1,Level 1,Level 3,Level 2,Level 1,14.3,15.7,16.3,15.9,15.7,10.7,0.3,,,0.5,61.7,,,,,,,,,,,,,In Need of Improvement
2016.0,985.0,Achievement School District,,,,1.3,0.8,14.4,4.2,5.8,10.9,7.2,1.1,,,,5.9,Level 1,Level 5,Level 1,Level 1,Level 5,14.3,15.6,15.6,15.7,15.4,4.6,32.2,,,47.8,28.9,PK-12,29,9413,93.9,3.9,0.1,3.0,13.2,72.7,,97.9,Southwest/Memphis,In Need of Subgroup Improvement
2015.0,0.0,State of Tennessee,48.4,54.7,64.5,70.0,54.3,65.3,44.2,71.8,64.8,41.7,,,,,,,,,,,18.9,18.9,19.6,19.5,19.4,,13.2,6.2,0.2,87.2,8.4,PK-12,1813,943699,24.1,8.5,0.3,4.6,14.0,57.9,9374.9,32.9,State,
2015.0,10.0,Anderson County,45.7,54.0,64.5,76.1,63.3,73.6,41.0,73.7,59.2,38.2,,,,,,Level 1,Level 1,Level 3,Level 1,,19.8,19.1,20.1,20.0,19.9,29.200000000000003,11.5,5.0,0.1,94.0,4.2,PK-12,17,6304,2.8,1.1,0.5,0.2,18.0,58.5,9535.7,4.4,East TN,In Need of Subgroup Improvement
2015.0,11.0,Clinton City,58.3,68.9,69.6,,,,,,,,,,,,,Level 5,Level 5,Level 5,Level 2,,,,,,,,8.8,1.2,0.0,,,PK-6,3,894,5.7,2.8,0.3,1.0,18.1,63.4,9537.5,8.8,East TN,Intermediate
2015.0,12.0,Oak Ridge City,56.1,55.3,70.8,76.9,72.0,83.5,80.9,86.7,74.6,53.8,,,,,,Level 1,Level 3,Level 1,Level 1,,22.9,22.4,23.6,22.9,23.1,57.900000000000006,17.5,5.7,0.0,89.7,4.4,K-12,7,4326,16.6,8.0,0.7,3.0,14.3,52.5,12355.5,25.3,East TN,In Need of Subgroup Improvement
2015.0,20.0,Bedford County,44.1,53.1,61.8,64.3,42.4,62.1,32.5,72.3,63.1,44.6,,,,,,Level 3,Level 5,Level 2,Level 2,,17.6,18.2,18.4,18.8,18.4,26.0,8.6,2.2,0.0,90.8,5.4,PK-12,14,8270,11.2,20.6,0.5,9.4,10.9,69.9,7756.2,32.3,South Central,Intermediate
2015.0,30.0,Benton County,46.0,53.9,65.0,73.7,58.4,77.1,33.1,75.4,60.8,45.6,,,,,,Level 3,Level 3,Level 5,Level 1,,17.5,18.2,18.0,19.4,18.4,32.2,6.5,0.0,0.0,94.5,3.0,PK-12,8,2133,3.9,2.1,0.3,,18.8,50.2,9714.2,6.3,Northwest,In Need of Subgroup Improvement
2015.0,40.0,Bledsoe County,35.4,41.1,56.2,64.8,73.9,73.0,19.5,63.6,53.3,50.0,,,,,,Level 1,Level 1,Level 1,Level 1,,18.4,19.0,19.4,19.2,19.2,32.300000000000004,9.1,2.4,0.1,92.4,6.9,PK-12,5,1674,1.5,6.8,0.6,2.3,19.7,83.5,9495.9,8.9,Upper Cumberland,Intermediate
2015.0,50.0,Blount County,46.3,50.5,68.4,73.2,59.8,65.1,45.4,71.8,66.0,45.3,,,,,,Level 1,Level 1,Level 1,Level 1,,19.4,19.3,20.1,19.5,19.7,33.300000000000004,17.0,4.7,0.1,89.1,9.2,PK-12,20,10500,3.0,4.2,0.4,1.9,12.8,54.2,8866.9,7.6,East TN,In Need of Subgroup Improvement
2015.0,51.0,Alcoa City,50.2,56.6,65.1,82.2,76.8,88.0,66.0,85.5,79.6,67.2,,,,,,Level 2,Level 4,Level 3,Level 1,,22.3,20.9,22.4,21.9,22.0,52.7,4.7,3.1,0.1,98.2,0.9,PK-12,3,1850,23.3,9.5,0.6,2.7,13.0,49.4,10320.0,33.4,East TN,Intermediate
2015.0,52.0,Maryville City,69.6,70.2,87.1,83.8,77.3,92.1,80.4,89.9,82.7,68.1,,,,,,Level 5,Level 5,Level 5,Level 5,,23.1,22.4,23.2,22.8,23.0,63.900000000000006,2.0,2.7,0.0,96.6,3.1,PK-12,7,4944,4.2,4.0,0.2,2.8,13.2,32.1,10161.2,8.4,East TN,Intermediate
2015.0,60.0,Bradley County,52.4,57.1,65.9,0.0,59.5,64.1,55.7,74.4,66.3,38.2,,,,,,Level 5,Level 5,Level 5,Level 1,,18.4,18.2,19.3,19.0,18.8,32.2,16.0,3.9,0.1,93.1,5.6,PK-12,18,9801,3.6,4.3,0.3,1.6,11.3,55.1,8429.3,8.2,Southeast,Intermediate
2015.0,61.0,Cleveland City,46.0,51.4,58.9,62.7,41.6,51.0,47.3,71.0,61.3,48.7,,,,,,Level 5,Level 5,Level 5,Level 5,,18.1,18.4,19.5,19.0,18.9,36.6,15.3,7.0,0.0,84.1,12.3,PK-12,8,5184,15.0,18.8,0.3,8.2,14.4,69.5,9239.2,34.1,Southeast,Intermediate
2015.0,70.0,Campbell County,36.7,45.0,51.2,71.6,22.0,48.9,16.1,60.5,51.1,39.8,,,,,,Level 1,Level 1,Level 1,Level 2,,16.3,16.6,17.8,17.4,17.2,15.0,18.1,4.6,0.0,87.6,3.1,PK-12,14,5387,0.4,1.2,0.2,0.6,13.5,70.7,8290.1,1.8,East TN,In Need of Subgroup Improvement
2015.0,80.0,Cannon County,45.1,49.8,62.9,,52.5,66.9,26.0,65.7,61.2,23.8,,,,,,Level 1,Level 1,Level 1,Level 2,,17.5,18.7,19.0,19.0,18.6,29.1,14.5,1.7,0.0,95.1,2.1,PK-12,7,1944,1.7,2.3,0.3,0.5,16.2,55.3,8401.6,4.3,Upper Cumberland,In Need of Subgroup Improvement
2015.0,92.0,Hollow Rock - Bruceton,36.8,47.5,62.5,78.3,62.2,50.0,35.9,76.2,47.4,42.0,,,,,,Level 3,Level 3,Level 2,Level 5,,17.1,18.1,17.9,18.4,18.0,32.6,3.7,0.6,0.0,93.2,4.5,PK-12,2,623,9.4,2.3,0.3,,20.9,76.0,8332.4,12.0,Northwest,In Need of Subgroup Improvement
2015.0,93.0,Huntingdon SSD,58.0,76.1,75.0,72.9,82.8,59.6,21.5,67.4,72.7,72.2,,,,,,Level 5,Level 5,Level 5,Level 5,,18.6,18.0,19.0,18.9,18.7,35.300000000000004,5.3,0.1,0.1,94.4,1.1,PK-12,3,1193,18.4,1.0,0.2,,18.1,45.2,8158.4,19.6,Northwest,Exemplary
2015.0,94.0,McKenzie SSD,56.1,64.3,74.4,77.8,68.1,70.8,64.2,74.8,75.6,59.8,,,,,,Level 3,Level 3,Level 3,Level 3,,20.4,19.3,19.9,20.2,20.1,39.400000000000006,2.0,1.2,0.0,97.1,1.9,PK-12,3,1316,15.6,4.9,0.1,1.6,14.3,58.6,7756.1,20.6,Northwest,Exemplary
2015.0,95.0,South Carroll SSD,53.4,58.1,78.4,83.3,81.5,65.4,54.5,71.4,69.0,56.7,,,,,,Level 5,Level 3,Level 5,Level 5,,16.2,17.4,18.1,19.1,17.8,29.400000000000002,9.1,0.0,0.3,96.6,3.4,PK-12,1,346,8.3,1.6,,0.3,16.1,63.8,9253.0,9.9,Northwest,Intermediate
2015.0,97.0,West Carroll SSD,40.9,48.1,70.0,60.8,54.5,73.8,66.0,79.1,67.5,30.8,,,,,,Level 3,Level 1,Level 5,Level 2,,18.7,18.4,18.8,19.3,18.9,30.8,17.4,2.1,0.6,90.7,5.3,K-12,3,908,11.2,1.5,1.1,,20.6,68.7,8573.0,13.8,Northwest,In Need of Subgroup Improvement
2015.0,100.0,Carter County,40.4,46.8,64.1,0.0,,70.3,23.5,69.0,68.9,43.1,,,,,,Level 5,Level 5,Level 5,Level 5,,17.8,17.4,18.7,18.6,18.3,24.6,16.9,3.1,0.0,88.6,8.0,PK-12,15,5162,1.5,1.9,0.6,0.5,17.0,76.6,9133.9,4.0,First TN,Intermediate
2015.0,101.0,Elizabethton City,56.7,63.1,78.3,77.8,59.4,83.8,39.1,79.0,67.6,56.6,,,,,,Level 5,Level 3,Level 4,Level 5,,21.1,20.4,22.4,21.1,21.4,54.400000000000006,13.8,3.2,0.0,96.6,2.9,PK-12,5,2358,4.2,2.0,0.4,1.0,16.3,54.1,9537.4,6.6,First TN,Intermediate
2015.0,110.0,Cheatham County,46.4,55.7,66.4,0.0,,73.3,53.1,75.5,57.7,47.9,,,,,,Level 2,Level 2,Level 5,Level 1,,20.5,19.9,21.0,21.1,20.8,36.1,13.4,5.8,0.1,91.2,5.9,PK-12,13,6240,2.6,3.6,0.4,1.1,15.3,49.1,8412.6,6.6,Mid Cumberland,Intermediate
2015.0,120.0,Chester County,53.7,66.5,78.0,73.6,63.3,76.8,55.6,72.9,73.1,54.1,,,,,,Level 5,Level 4,Level 5,Level 5,,19.7,18.6,19.9,19.9,19.7,41.1,12.6,0.0,0.0,88.4,6.6,PK-12,6,2774,13.8,3.0,0.5,0.1,10.0,40.0,7681.2,17.3,Southwest/Memphis,Intermediate
2015.0,130.0,Claiborne County,42.7,52.4,56.7,52.1,21.6,53.4,24.3,70.2,59.5,38.1,,,,,,Level 1,Level 1,Level 1,Level 1,,16.9,17.3,18.0,18.2,17.7,24.900000000000002,20.2,4.6,0.0,95.3,2.5,PK-12,13,4313,1.8,1.2,0.3,0.2,13.8,77.0,9283.4,3.3,East TN,In Need of Subgroup Improvement
2015.0,140.0,Clay County,33.5,40.0,54.0,68.0,81.4,65.8,31.8,60.0,57.9,35.9,,,,,,Level 3,Level 2,Level 3,Level 4,,17.3,18.8,18.4,18.6,18.4,21.1,9.8,0.5,0.0,96.8,1.6,PK-12,4,1024,1.8,2.1,0.3,0.3,16.2,70.7,9237.5,4.2,Upper Cumberland,In Need of Subgroup Improvement
2015.0,150.0,Cocke County,42.7,59.1,65.3,60.2,33.5,59.5,34.1,62.7,56.6,27.0,,,,,,Level 1,Level 1,Level 1,Level 2,,17.4,18.3,18.7,18.4,18.3,24.700000000000003,14.9,6.1,0.1,93.9,4.3,PK-12,12,4456,3.7,3.2,0.2,0.6,16.1,76.2,9246.6,7.1,First TN,In Need of Subgroup Improvement
2015.0,151.0,Newport City,56.9,55.3,84.6,,,,,,,,,,,,,Level 1,Level 3,Level 1,Level 1,,,,,,,,11.8,0.1,0.0,,,PK-8,1,717,7.1,3.0,0.5,0.8,14.4,58.0,9216.2,10.6,First TN,In Need of Subgroup Improvement
2015.0,160.0,Coffee County,47.6,57.6,66.1,69.8,76.3,67.0,31.5,76.2,64.5,40.5,,,,,,Level 5,Level 4,Level 5,Level 4,,19.5,19.1,20.5,20.5,20.0,35.9,16.5,1.7,0.0,88.9,6.4,PK-12,10,4308,2.7,5.2,0.2,1.3,13.9,57.4,9068.1,8.1,South Central,Intermediate
2015.0,161.0,Manchester City,53.6,59.0,71.8,,,,,,,,,,,,,Level 1,Level 5,Level 1,Level 1,,,,,,,,10.2,0.4,0.0,,,PK-8,3,1211,5.8,14.6,0.5,10.0,20.9,23.6,12309.4,20.9,South Central,Exemplary
2015.0,162.0,Tullahoma City,46.1,53.2,62.1,69.1,45.6,72.3,50.2,80.2,65.4,53.7,,,,,,Level 2,Level 3,Level 3,Level 2,,22.2,22.3,22.9,22.0,22.4,50.2,13.5,4.3,0.0,90.9,6.3,PK-12,7,3275,11.8,5.9,0.4,1.5,16.2,46.0,10177.5,18.1,South Central,In Need of Subgroup Improvement
2015.0,170.0,Crockett County,48.8,57.2,67.3,78.0,63.5,77.9,43.7,71.6,65.5,50.0,,,,,,Level 3,Level 2,Level 3,Level 4,,19.0,18.0,19.2,19.7,19.1,27.3,4.2,0.0,0.1,95.9,3.1,PK-12,5,1932,13.7,14.4,0.1,0.4,11.6,62.4,8093.5,28.2,Northwest,Intermediate
2015.0,171.0,Alamo City,53.5,62.8,74.6,,,,,,,,,,,,,Level 5,Level 4,Level 3,Level 5,,,,,,,,7.8,0.2,0.0,,,PK-6,1,578,11.6,16.7,,1.1,11.4,69.9,8669.4,28.3,Northwest,In Need of Improvement
2015.0,172.0,Bells City,60.8,60.8,79.5,,,,,,,,,,,,,Level 5,Level 5,Level 2,Level 4,,,,,,,,3.2,0.2,0.0,,,PK-5,1,365,16.3,21.0,,13.2,13.2,74.1,8817.6,37.3,Northwest,Intermediate
2015.0,180.0,Cumberland County,52.0,58.9,71.2,84.3,63.5,72.5,52.1,79.7,65.4,54.0,,,,,,Level 3,Level 3,Level 3,Level 3,,18.7,19.5,19.9,19.7,19.6,40.5,11.7,0.7,0.0,93.0,3.9,PK-12,12,7067,1.3,4.7,0.3,1.8,15.9,63.8,8490.6,6.3,Upper Cumberland,In Need of Subgroup Improvement
2015.0,190.0,Davidson County,39.4,45.4,49.2,65.9,40.4,51.7,36.8,63.7,56.3,29.9,,,,,,Level 5,Level 5,Level 1,Level 5,,18.2,18.2,18.9,19.0,18.7,25.5,14.5,10.7,0.4,78.7,14.6,PK-12,154,79934,44.3,20.7,0.2,16.2,12.4,75.3,11496.3,65.2,Mid Cumberland,Intermediate
2015.0,200.0,Decatur County,47.1,59.7,71.1,70.2,44.3,72.7,42.9,73.8,69.7,61.1,,,,,,Level 1,Level 1,Level 2,Level 3,,18.1,17.5,19.7,18.9,18.6,27.1,19.3,0.2,0.1,94.4,4.8,PK-12,4,1529,4.2,4.7,0.2,1.1,18.9,57.7,8907.4,9.1,Southwest/Memphis,In Need of Subgroup Improvement
2015.0,210.0,DeKalb County,45.7,54.4,65.9,52.9,55.6,72.1,53.9,73.4,72.0,31.0,,,,,,Level 4,Level 4,Level 3,Level 3,,17.1,17.4,17.8,18.1,17.7,26.400000000000002,13.9,3.8,0.0,94.9,2.2,PK-12,6,2849,1.8,11.3,0.1,5.3,14.4,64.4,7982.5,13.2,Upper Cumberland,Intermediate
2015.0,220.0,Dickson County,52.2,59.6,75.8,68.4,56.6,69.6,42.8,82.8,71.7,44.5,,,,,,Level 1,Level 1,Level 1,Level 1,,21.1,19.9,21.4,21.0,21.0,39.400000000000006,12.2,0.5,0.0,90.7,7.4,PK-12,15,8120,8.1,4.9,0.6,1.6,16.2,53.1,8472.8,13.6,Mid Cumberland,In Need of Subgroup Improvement
2015.0,230.0,Dyer County,54.7,63.8,73.4,88.4,77.7,80.8,58.0,75.0,68.5,54.3,,,,,,Level 5,Level 5,Level 5,Level 5,,21.8,20.2,21.2,21.2,21.3,41.900000000000006,9.6,0.0,0.0,95.0,3.3,PK-12,8,3739,7.1,3.1,0.2,0.1,11.1,60.1,8483.0,10.4,Northwest,Intermediate
2015.0,231.0,Dyersburg City,46.0,57.4,60.8,66.4,67.6,69.4,49.7,70.5,67.2,22.5,,,,,,Level 5,Level 5,Level 5,Level 5,,22.1,21.1,21.8,21.1,21.7,40.0,12.4,9.2,0.0,83.2,12.5,PK-12,4,2456,43.8,5.0,0.3,0.1,15.9,72.5,9968.2,49.1,Northwest,Intermediate
2015.0,240.0,Fayette County,32.6,36.1,41.1,39.7,14.7,56.1,20.2,58.9,53.2,35.4,,,,,,Level 5,Level 5,Level 2,Level 3,,15.8,16.2,16.7,17.1,16.6,16.1,14.5,12.9,0.0,80.6,15.9,PK-12,8,3220,58.8,5.0,0.1,2.3,13.9,80.6,9125.9,63.9,Southwest/Memphis,In Need of Subgroup Improvement
2015.0,250.0,Fentress County,43.6,51.1,59.5,81.4,30.4,100.0,62.1,73.8,71.7,52.9,,,,,,Level 5,Level 3,Level 5,Level 1,,16.5,16.6,17.9,18.0,17.4,14.9,11.9,0.0,0.0,93.8,6.3,PK-12,6,2092,0.5,1.2,0.1,0.5,16.5,74.7,9043.8,1.8,Upper Cumberland,Intermediate
2015.0,260.0,Franklin County,42.2,45.8,58.2,64.5,53.0,61.0,29.7,71.2,62.6,41.2,,,,,,Level 2,Level 2,Level 1,Level 5,,18.2,18.0,19.1,18.8,18.7,29.400000000000002,12.8,4.1,0.0,89.1,5.6,PK-12,11,5276,7.1,4.5,0.4,1.0,15.2,57.7,8610.1,12.0,South Central,In Need of Subgroup Improvement
2015.0,271.0,Humboldt City,26.6,38.4,43.8,86.2,41.7,35.9,0.0,53.1,41.4,19.0,,,,,,Level 1,Level 2,Level 1,Level 1,,14.4,16.2,15.3,17.0,15.9,8.3,17.4,0.4,0.1,68.5,20.2,PK-12,4,1018,75.3,4.3,0.2,2.3,16.3,97.9,11121.5,79.8,Northwest,In Need of Subgroup Improvement
2015.0,272.0,Milan SSD,49.3,69.4,71.8,77.2,70.5,84.3,56.9,76.0,65.0,49.6,,,,,,Level 5,Level 5,Level 5,Level 5,,20.2,20.4,20.6,20.8,20.6,48.300000000000004,10.4,1.4,0.0,96.8,1.9,PK-12,3,1888,27.2,3.0,0.4,0.6,17.2,62.9,8749.8,30.6,Northwest,Intermediate
2015.0,273.0,Trenton SSD,44.6,62.9,53.6,91.6,84.7,75.6,64.5,82.6,76.0,50.6,,,,,,Level 5,Level 5,Level 5,Level 1,,18.7,17.9,19.0,18.3,18.6,36.7,10.5,2.8,0.0,83.5,11.0,PK-12,3,1278,28.2,6.0,,0.1,12.7,66.1,8916.6,34.2,Northwest,Intermediate
2015.0,274.0,Bradford SSD,56.5,73.4,75.4,94.4,92.6,87.9,66.7,81.8,68.4,70.4,,,,,,Level 5,Level 5,Level 5,Level 3,,17.9,19.5,17.7,19.4,18.7,21.200000000000003,11.4,0.9,0.0,100.0,0.0,PK-12,2,499,6.1,0.6,,,17.3,62.8,10143.5,6.7,Northwest,In Need of Subgroup Improvement
2015.0,275.0,Gibson County SSD,57.8,67.5,79.7,83.7,73.2,75.3,63.0,83.8,73.5,59.6,,,,,,Level 2,Level 3,Level 5,Level 1,,19.6,19.2,19.6,19.9,19.7,41.800000000000004,8.2,0.0,0.0,94.9,4.0,PK-12,9,3832,7.8,2.0,0.0,0.4,13.3,42.3,7270.0,9.8,Northwest,In Need of Subgroup Improvement
2015.0,280.0,Giles County,45.3,48.2,62.8,64.8,56.6,51.3,33.4,74.5,56.2,36.4,,,,,,Level 3,Level 2,Level 3,Level 4,,17.9,17.5,18.6,18.5,18.2,29.400000000000002,27.6,3.1,0.4,87.2,9.9,PK-12,8,3796,17.2,2.1,0.4,0.5,12.4,61.5,8952.3,19.7,South Central,Intermediate
2015.0,290.0,Grainger County,37.9,44.9,56.9,55.6,46.5,55.9,36.7,62.2,51.6,32.6,,,,,,Level 3,Level 3,Level 1,Level 5,,17.1,18.0,18.0,18.4,18.0,25.200000000000003,18.6,0.6,0.1,88.1,7.3,PK-12,9,3385,0.7,5.5,0.2,0.0,16.0,66.3,8436.4,6.4,East TN,Intermediate
2015.0,300.0,Greene County,43.4,45.9,59.7,64.1,57.1,63.2,50.5,71.8,61.8,37.0,,,,,,Level 1,Level 4,Level 1,Level 3,,17.9,18.7,19.2,19.1,18.9,27.900000000000002,18.1,5.7,0.0,93.7,3.1,PK-12,16,6775,1.5,3.1,0.3,0.9,18.0,66.1,8282.5,4.9,First TN,In Need of Subgroup Improvement
2015.0,301.0,Greeneville City,59.3,65.5,74.2,83.2,90.2,77.7,86.1,87.3,75.1,66.0,,,,,,Level 5,Level 5,Level 5,Level 5,,21.1,20.8,21.8,21.2,21.3,46.400000000000006,9.1,4.5,0.0,98.6,0.5,PK-12,7,2674,9.8,7.8,0.9,3.0,16.6,47.2,10862.5,18.5,First TN,In Need of Subgroup Improvement
2015.0,310.0,Grundy County,32.4,37.8,47.7,47.9,41.7,51.9,41.9,62.0,62.0,36.7,,,,,,Level 1,Level 1,Level 1,Level 3,,16.9,17.4,17.9,17.7,17.6,25.5,18.1,0.3,0.0,90.0,5.3,PK-12,8,2105,0.2,1.0,0.1,0.4,19.0,81.2,9087.9,1.3,Southeast,In Need of Subgroup Improvement
2015.0,320.0,Hamblen County,48.0,58.3,69.3,76.7,63.3,70.9,43.9,74.1,68.0,41.1,,,,,,Level 5,Level 4,Level 5,Level 5,,19.0,19.6,20.0,19.6,19.7,41.400000000000006,5.2,3.7,0.4,91.0,6.4,PK-12,18,9917,6.7,21.7,0.4,11.9,13.7,64.3,8109.2,28.8,First TN,Intermediate
2015.0,330.0,Hamilton County,44.8,54.9,59.7,60.9,43.6,57.6,31.2,67.6,59.8,33.0,,,,,,Level 1,Level 1,Level 1,Level 1,,18.2,18.6,19.2,19.2,18.9,34.300000000000004,14.1,7.9,0.6,82.6,12.0,PK-12,79,41904,31.1,9.6,0.2,5.0,12.7,60.5,9728.8,40.9,Southeast,In Need of Subgroup Improvement
2015.0,340.0,Hancock County,26.2,28.2,42.6,51.3,38.2,32.0,14.3,57.3,53.2,30.2,,,,,,Level 1,Level 1,Level 1,Level 1,,16.2,17.2,18.0,17.7,17.4,19.700000000000003,18.6,0.8,0.0,89.5,7.9,K-12,2,946,0.6,0.7,0.2,0.4,20.1,81.6,9762.1,1.5,First TN,In Need of Subgroup Improvement
2015.0,350.0,Hardeman County,36.3,48.0,50.0,52.4,32.9,47.0,27.2,61.2,50.8,24.2,,,,,,Level 1,Level 1,Level 1,Level 2,,17.0,17.3,17.9,17.9,17.7,21.5,12.5,8.7,0.1,86.3,11.8,PK-12,9,3679,53.5,1.7,0.1,,15.2,81.8,9820.7,55.3,Southwest/Memphis,In Need of Subgroup Improvement
2015.0,360.0,Hardin County,43.6,43.4,63.0,57.6,61.3,57.4,49.2,72.4,58.4,47.6,,,,,,Level 1,Level 2,Level 1,Level 1,,18.3,18.4,19.6,18.6,18.9,33.1,17.5,2.8,0.4,91.0,3.7,PK-12,7,3474,5.9,2.3,0.4,0.2,17.4,75.1,8709.4,8.6,Southwest/Memphis,Intermediate
2015.0,370.0,Hawkins County,45.7,54.1,65.8,69.7,51.4,58.4,45.3,70.3,55.5,45.1,,,,,,Level 1,Level 1,Level 1,Level 4,,18.7,18.9,19.5,19.5,19.3,28.200000000000003,13.5,5.1,0.2,91.5,5.0,PK-12,18,6900,1.9,2.5,0.3,0.3,15.5,61.6,9131.7,4.7,First TN,Exemplary
2015.0,371.0,Rogersville City,61.6,65.3,80.2,,,,,,,,,,,,,Level 3,Level 4,Level 4,Level 2,,,,,,,,8.8,0.0,0.0,,,PK-8,1,617,4.2,2.3,0.3,1.7,11.7,52.2,9441.7,6.8,First TN,Intermediate
2015.0,380.0,Haywood County,33.9,44.5,43.5,57.6,32.0,46.1,28.0,61.6,43.6,28.6,,,,,,Level 1,Level 1,Level 1,Level 2,,16.5,17.4,17.1,18.0,17.4,17.2,13.1,3.0,0.0,85.2,7.6,PK-12,5,2879,63.2,7.0,,1.9,14.4,75.7,9888.4,70.2,Southwest/Memphis,Intermediate
2015.0,390.0,Henderson County,53.3,72.1,71.2,86.0,88.4,76.4,53.7,81.1,77.7,51.8,,,,,,Level 5,Level 5,Level 5,Level 1,,19.0,18.8,19.7,19.9,19.5,36.1,10.8,0.0,0.0,96.4,2.4,PK-12,9,3781,8.1,2.2,0.0,0.0,14.5,61.4,8412.5,10.3,Southwest/Memphis,In Need of Subgroup Improvement
2015.0,391.0,Lexington City,46.7,67.0,70.2,,,,,,,,,,,,,Level 1,Level 1,Level 2,Level 1,,,,,,,,10.8,0.0,0.0,,,PK-8,2,925,25.0,6.5,0.1,1.9,13.2,62.0,9925.9,31.6,Southwest/Memphis,Intermediate
2015.0,400.0,Henry County,52.7,68.6,78.1,78.5,57.9,83.8,59.2,76.6,70.3,56.4,,,,,,Level 3,Level 1,Level 3,Level 5,,19.2,19.2,19.5,20.0,19.6,38.800000000000004,8.4,0.3,0.0,92.0,6.2,PK-12,6,2946,7.2,2.3,0.1,,12.9,60.3,9285.0,9.6,Northwest,In Need of Subgroup Improvement
2015.0,401.0,Paris SSD,52.3,60.6,76.6,100.0,,,,,,,,,,,,Level 4,Level 2,Level 3,Level 5,,,,,,,,6.9,2.4,0.0,,,K-8,3,1655,25.9,2.0,,0.7,17.7,63.6,8840.9,27.9,Northwest,In Need of Subgroup Improvement
2015.0,410.0,Hickman County,48.9,58.1,68.0,40.2,22.6,54.2,45.1,60.3,57.5,31.3,,,,,,Level 2,Level 3,Level 1,Level 3,,17.8,17.8,19.1,18.5,18.4,31.6,17.3,1.6,0.0,92.5,5.2,PK-12,8,3439,3.2,1.7,0.5,0.6,18.1,69.1,8965.8,5.4,South Central,Intermediate
2015.0,420.0,Houston County,44.5,55.9,63.0,58.6,64.9,69.4,34.0,60.4,66.4,48.6,,,,,,Level 3,Level 1,Level 4,Level 5,,18.9,17.9,19.6,20.0,19.2,36.1,26.3,0.2,0.0,95.8,3.1,PK-12,5,1298,5.1,2.2,0.7,,16.3,56.7,9187.7,8.0,Mid Cumberland,Intermediate
2015.0,430.0,Humphreys County,47.0,51.3,67.8,51.7,38.2,74.1,45.6,77.1,73.8,42.8,,,,,,Level 1,Level 1,Level 1,Level 1,,18.6,18.3,18.9,19.4,18.9,30.700000000000003,13.5,1.5,0.1,84.5,9.4,PK-12,7,2738,4.6,1.9,0.4,0.4,15.6,58.0,8856.2,6.9,Mid Cumberland,In Need of Subgroup Improvement
2015.0,440.0,Jackson County,42.8,45.3,64.7,45.9,33.3,68.9,50.0,61.8,47.3,46.3,,,,,,Level 1,Level 2,Level 1,Level 4,,17.5,17.9,18.7,18.9,18.4,26.0,8.2,0.0,0.0,87.4,8.4,PK-12,4,1505,0.9,1.5,0.3,,19.7,83.4,9165.8,2.7,Upper Cumberland,Intermediate
2015.0,450.0,Jefferson County,40.9,50.2,62.2,80.4,53.7,76.5,49.5,76.4,70.1,38.1,,,,,,Level 5,Level 5,Level 5,Level 3,,19.0,18.7,19.9,19.7,19.5,34.0,13.2,1.8,0.0,89.7,7.8,PK-12,12,7136,3.2,7.0,0.3,3.8,12.6,62.1,8627.7,10.5,East TN,Intermediate
2015.0,460.0,Johnson County,49.8,52.0,70.8,74.7,40.0,65.2,33.3,67.1,50.0,23.5,,,,,,Level 1,Level 1,Level 1,Level 2,,18.0,18.8,19.8,20.0,19.2,27.5,12.3,0.0,0.0,98.6,0.7,PK-12,7,2069,0.7,3.8,0.2,1.3,18.5,80.9,10449.2,4.7,First TN,In Need of Subgroup Improvement
2015.0,470.0,Knox County,53.3,55.2,68.4,73.1,62.8,70.3,49.6,76.8,71.3,45.3,,,,,,Level 5,Level 5,Level 5,Level 5,,20.5,19.9,21.1,20.7,20.7,46.0,9.4,6.1,0.0,88.7,7.4,PK-12,90,56383,16.6,7.2,0.4,4.3,13.9,40.0,9043.0,24.2,East TN,Exemplary
2015.0,480.0,Lake County,32.5,34.7,45.6,22.9,0.0,25.0,36.5,36.8,34.6,31.7,,,,,,Level 1,Level 1,Level 1,Level 4,,15.1,16.8,16.2,16.9,16.4,9.600000000000001,31.2,5.5,0.1,89.4,6.4,PK-12,3,807,30.2,3.3,0.1,0.1,18.6,77.0,10813.0,33.6,Northwest,In Need of Subgroup Improvement
2015.0,490.0,Lauderdale County,40.5,53.6,62.0,79.9,63.6,51.9,32.6,62.0,57.6,37.4,,,,,,Level 5,Level 4,Level 5,Level 5,,16.8,17.2,17.6,18.3,17.6,16.900000000000002,9.5,6.7,0.0,97.0,0.7,PK-12,7,4263,43.6,3.1,0.9,0.9,17.1,81.3,8877.3,47.6,Southwest/Memphis,Intermediate
2015.0,500.0,Lawrence County,57.3,69.1,75.4,87.2,63.3,75.9,55.8,77.9,70.1,38.8,,,,,,Level 4,Level 2,Level 5,Level 4,,18.3,18.7,19.6,19.7,19.2,34.7,20.7,2.0,0.0,94.5,3.6,PK-12,13,6434,3.4,2.5,0.2,0.6,14.2,50.5,8387.1,6.1,South Central,Intermediate
2015.0,510.0,Lewis County,47.6,50.2,57.4,54.1,23.5,52.7,24.4,68.2,62.3,31.0,,,,,,Level 1,Level 1,Level 1,Level 1,,17.7,17.7,19.7,18.6,18.5,33.800000000000004,19.4,1.0,0.0,87.1,9.1,PK-12,4,1758,3.3,2.4,0.5,,14.9,72.1,7985.1,6.2,South Central,Intermediate
2015.0,520.0,Lincoln County,57.7,66.5,75.6,77.0,62.3,77.3,56.7,75.6,74.5,52.3,,,,,,Level 5,Level 5,Level 5,Level 5,,19.1,18.9,19.9,19.7,19.6,37.9,14.0,2.4,0.0,95.4,3.4,PK-12,8,3798,3.4,4.2,0.4,1.2,13.6,57.0,8153.4,8.0,South Central,Intermediate
2015.0,521.0,Fayetteville City,47.9,47.5,66.4,63.2,56.0,63.9,44.2,72.1,68.4,45.9,,,,,,Level 3,Level 4,Level 3,Level 2,,19.0,18.8,19.9,19.0,19.3,35.6,10.1,4.1,0.0,97.5,0.0,PK-12,3,1422,31.9,5.2,0.1,1.2,13.1,53.2,8472.6,37.2,South Central,Intermediate
2015.0,530.0,Loudon County,55.2,61.2,71.6,71.9,44.5,68.9,46.5,72.7,68.9,40.8,,,,,,Level 3,Level 4,Level 3,Level 3,,18.1,18.6,19.4,18.8,18.8,34.0,11.6,2.5,0.1,87.1,12.0,PK-12,9,4639,3.0,10.8,0.2,3.6,13.2,54.9,8776.7,14.0,East TN,In Need of Subgroup Improvement
2015.0,531.0,Lenoir City,33.8,45.1,58.4,66.6,76.7,65.3,54.4,76.8,68.8,49.0,,,,,,Level 3,Level 2,Level 5,Level 1,,18.3,18.5,19.2,19.0,18.9,33.0,15.9,5.8,0.3,90.8,5.9,PK-12,3,2238,2.8,25.3,0.5,11.2,14.7,63.3,9135.6,28.6,East TN,In Need of Subgroup Improvement
2015.0,540.0,McMinn County,47.6,51.9,67.4,78.2,47.2,71.6,35.4,68.7,69.0,45.2,,,,,,Level 4,Level 5,Level 1,Level 5,,18.3,18.6,19.4,18.7,18.9,32.5,15.3,4.3,0.0,95.7,3.2,PK-12,9,5529,5.5,4.8,0.3,0.1,12.7,65.5,7869.6,10.6,Southeast,Intermediate
2015.0,541.0,Athens City,52.9,59.4,62.5,100.0,,,,,,,,,,,,Level 5,Level 5,Level 5,Level 4,,,,,,,,6.8,1.9,0.0,,,PK-8,5,1504,16.5,8.0,0.4,0.1,13.8,73.7,10444.7,24.9,Southeast,In Need of Subgroup Improvement
2015.0,542.0,Etowah City,38.8,40.2,66.5,,,,,,,,,,,,,Level 1,Level 2,Level 1,Level 1,,,,,,,,13.6,3.6,0.0,,,PK-8,1,310,6.8,4.1,0.6,,15.1,74.0,10807.6,11.5,Southeast,Intermediate
2015.0,550.0,McNairy County,47.0,59.4,63.9,59.2,62.0,60.0,36.1,69.6,65.2,53.3,,,,,,Level 5,Level 3,Level 5,Level 3,,17.8,18.3,18.8,18.9,18.6,29.200000000000003,4.7,1.1,0.0,94.3,3.4,PK-12,8,4136,8.2,1.6,0.1,0.2,13.1,58.1,7790.4,9.9,Southwest/Memphis,Intermediate
2015.0,560.0,Macon County,43.0,49.1,61.6,76.8,44.8,64.4,37.9,70.7,63.6,43.6,,,,,,Level 5,Level 5,Level 4,Level 5,,17.9,18.1,18.5,18.8,18.5,26.700000000000003,6.6,2.0,0.2,86.0,11.0,PK-12,8,3637,0.6,8.2,0.4,2.9,17.1,62.8,8166.7,9.2,Upper Cumberland,In Need of Subgroup Improvement
2015.0,570.0,Jackson-Madison County,37.8,38.2,46.8,54.8,35.6,50.7,43.3,57.2,51.7,34.8,,,,,,Level 1,Level 2,Level 1,Level 1,,16.3,17.2,17.3,17.8,17.3,21.400000000000002,19.4,13.0,0.1,94.5,2.6,PK-12,27,12280,60.5,6.7,0.1,4.0,14.8,78.1,9489.4,67.3,Southwest/Memphis,Intermediate
2015.0,580.0,Marion County,45.9,53.5,68.1,,20.5,78.1,38.3,72.4,59.3,51.2,,,,,,Level 1,Level 1,Level 3,Level 1,,17.6,18.7,18.9,19.1,18.7,33.6,16.3,0.8,0.1,84.0,8.3,PK-12,10,4029,4.9,2.0,0.1,0.0,14.0,65.4,8697.2,7.0,Southeast,In Need of Improvement
2015.0,581.0,Richard City,51.2,59.4,58.6,78.3,54.5,61.5,0.0,81.8,88.5,25.0,,,,,,Level 3,Level 3,Level 3,Level 4,,19.4,18.1,21.4,20.8,20.1,42.900000000000006,22.8,0.0,0.0,92.0,8.0,PK-12,1,270,6.0,1.1,,,9.8,58.6,9223.6,7.1,Southeast,Intermediate
2015.0,590.0,Marshall County,48.0,59.8,72.5,86.1,68.0,74.2,45.5,71.9,73.1,41.8,,,,,,Level 5,Level 5,Level 5,Level 5,,18.1,18.7,19.1,19.1,18.9,36.300000000000004,12.3,3.4,0.0,89.9,7.3,PK-12,9,5208,9.4,7.7,0.4,3.0,12.2,53.7,8583.7,17.5,South Central,Intermediate
2015.0,600.0,Maury County,43.3,45.4,60.1,65.1,55.3,65.2,40.2,68.6,61.6,41.0,,,,,,Level 1,Level 3,Level 3,Level 1,,17.9,18.3,18.9,18.7,18.6,28.3,29.0,5.0,0.0,87.0,9.7,PK-12,21,11586,19.2,9.0,0.1,3.2,15.6,55.6,9106.2,28.3,South Central,In Need of Subgroup Improvement
2015.0,610.0,Meigs County,49.3,59.1,66.5,71.2,47.6,72.1,43.6,74.8,75.5,59.1,,,,,,Level 3,Level 4,Level 3,Level 3,,18.7,19.1,19.5,19.4,19.2,28.0,13.8,2.2,0.0,100.0,0.0,PK-12,4,1680,1.4,1.3,0.2,0.2,19.2,69.3,8703.1,2.9,Southeast,Intermediate
2015.0,620.0,Monroe County,41.5,49.5,55.0,62.8,51.6,66.0,35.6,64.4,58.6,45.4,,,,,,Level 1,Level 2,Level 3,Level 1,,16.8,17.8,18.3,18.3,17.9,24.400000000000002,12.0,3.9,0.1,95.2,3.8,PK-12,13,5335,2.5,4.9,0.3,0.2,14.8,65.6,8566.8,7.7,East TN,Exemplary
2015.0,621.0,Sweetwater City,50.1,59.9,61.4,,,,,,,,,,,,,Level 3,Level 3,Level 5,Level 1,,,,,,,,10.0,2.4,0.0,,,PK-8,4,1509,7.5,9.0,0.2,0.4,19.6,79.1,8332.0,16.7,East TN,Intermediate
2015.0,630.0,Montgomery County,55.6,63.5,78.1,74.1,67.9,76.8,52.8,77.2,70.6,47.9,,,,,,Level 5,Level 5,Level 5,Level 5,,18.7,18.7,19.6,20.0,19.4,32.6,6.0,5.3,0.3,93.4,4.0,PK-12,38,30670,28.2,11.5,1.0,2.7,14.2,49.4,8675.5,40.7,Mid Cumberland,Intermediate
2015.0,640.0,Moore County,54.3,61.9,67.8,78.0,43.5,85.1,60.0,90.1,73.0,32.4,,,,,,Level 5,Level 5,Level 3,Level 4,,17.9,18.8,18.3,18.3,18.5,36.4,8.8,1.2,0.0,86.7,10.7,K-12,2,886,3.6,0.8,0.2,,15.3,48.5,9946.8,4.6,South Central,Intermediate
2015.0,650.0,Morgan County,34.1,35.2,50.8,53.1,24.3,52.0,25.6,66.1,55.1,32.9,,,,,,Level 1,Level 1,Level 1,Level 1,,17.3,17.5,18.5,18.1,17.9,21.3,5.7,1.4,0.0,97.9,1.7,PK-12,8,3009,1.0,1.1,0.2,0.3,15.3,68.4,8597.9,2.3,East TN,Intermediate
2015.0,660.0,Obion County,47.3,53.6,71.3,77.6,75.3,74.5,61.8,74.0,66.0,49.5,,,,,,Level 1,Level 2,Level 2,Level 1,,18.6,18.6,19.4,19.0,19.1,34.6,11.3,2.2,0.0,87.7,7.5,PK-12,7,3435,5.6,4.5,,0.0,15.0,59.1,8731.7,10.1,Northwest,In Need of Improvement
2015.0,661.0,Union City,46.2,53.3,58.6,79.5,87.8,74.0,68.6,67.5,66.7,63.1,,,,,,Level 5,Level 5,Level 5,Level 5,,21.1,19.9,21.4,21.3,21.1,41.400000000000006,6.9,4.2,0.0,88.6,7.1,PK-12,3,1526,41.9,10.7,0.3,4.8,11.1,67.9,9229.5,52.9,Northwest,In Need of Subgroup Improvement
2015.0,670.0,Overton County,48.1,57.6,69.5,77.9,27.6,71.2,46.3,82.3,55.9,40.0,,,,,,Level 1,Level 1,Level 1,Level 5,,18.5,18.1,19.6,19.1,18.9,32.4,14.0,0.8,0.0,91.2,7.2,PK-12,9,3086,1.4,0.7,0.5,,13.5,71.5,8426.3,2.6,Upper Cumberland,In Need of Subgroup Improvement
2015.0,680.0,Perry County,42.6,61.8,66.5,48.5,50.6,58.0,19.0,60.8,60.6,35.6,,,,,,Level 3,Level 3,Level 3,Level 3,,17.3,16.8,18.8,18.2,18.0,18.5,24.1,1.5,0.0,91.9,7.0,PK-12,4,1058,3.2,2.1,0.8,,17.1,71.7,9212.0,6.1,South Central,Intermediate
2015.0,690.0,Pickett County,33.5,28.9,52.7,85.9,33.3,69.4,29.9,77.0,65.2,29.1,,,,,,Level 1,Level 1,Level 1,Level 1,,19.7,18.1,19.9,20.7,19.7,32.5,13.6,0.1,0.0,94.4,0.0,PK-12,2,733,0.8,2.3,,,14.7,65.3,8184.2,3.1,Upper Cumberland,In Need of Subgroup Improvement
2015.0,700.0,Polk County,41.6,53.7,55.8,60.5,59.9,70.2,43.6,64.1,54.8,41.1,,,,,,Level 3,Level 2,Level 3,Level 4,,16.9,17.4,18.6,18.3,17.9,26.200000000000003,16.0,1.4,0.0,87.6,7.4,PK-12,6,2388,1.2,2.3,0.2,,13.9,70.5,8629.2,3.7,Southeast,Intermediate
2015.0,710.0,Putnam County,48.9,53.4,67.7,,,73.9,40.6,74.9,69.1,36.3,,,,,,Level 1,Level 1,Level 1,Level 1,,18.9,19.1,19.9,20.0,19.6,35.2,8.8,3.2,0.0,92.6,5.8,PK-12,21,10439,4.2,11.4,0.4,6.3,17.7,55.0,8815.7,16.0,Upper Cumberland,In Need of Improvement
2015.0,720.0,Rhea County,47.5,59.8,66.8,75.8,56.0,62.3,55.6,71.3,68.8,48.1,,,,,,Level 3,Level 3,Level 3,Level 4,,17.4,18.4,18.9,19.0,18.6,26.6,19.8,3.9,0.0,85.3,5.9,PK-12,7,4174,2.1,7.7,0.4,2.9,12.0,70.1,9006.0,10.2,Southeast,Exemplary
2015.0,721.0,Dayton City,47.5,47.4,70.0,91.7,,,,,,,,,,,,Level 1,Level 2,Level 1,Level 5,,,,,,,,11.8,0.9,0.0,,,PK-8,1,788,6.4,11.3,0.1,6.0,14.0,54.5,8556.7,17.8,Southeast,In Need of Improvement
2015.0,730.0,Roane County,48.3,53.4,70.9,70.1,54.2,65.9,52.5,74.3,65.2,40.1,,,,,,Level 1,Level 1,Level 1,Level 4,,18.4,18.5,19.4,19.1,19.0,34.5,,0.1,0.0,92.8,4.8,PK-12,17,6593,5.2,1.8,0.6,,17.3,60.2,8960.0,7.6,East TN,In Need of Subgroup Improvement
2015.0,740.0,Robertson County,47.5,55.5,58.1,73.3,58.5,65.4,42.4,78.3,67.7,42.3,,,,,,Level 3,Level 5,Level 3,Level 1,,19.0,18.8,19.7,19.6,19.4,29.1,10.3,4.7,0.0,95.1,3.3,PK-12,20,11001,11.3,12.1,0.2,6.6,15.3,51.6,8077.1,23.6,Mid Cumberland,Intermediate
2015.0,750.0,Rutherford County,58.7,64.9,76.9,74.6,59.9,73.0,59.9,79.6,72.0,48.1,,,,,,Level 5,Level 1,Level 1,Level 5,,19.5,19.4,20.0,20.2,19.9,39.400000000000006,20.5,4.2,0.3,92.5,4.5,PK-12,47,40841,18.6,11.6,0.2,5.9,11.0,39.7,8237.1,30.4,Mid Cumberland,In Need of Subgroup Improvement
2015.0,751.0,Murfreesboro City,49.2,62.0,60.2,,,,,,,,,,,,,Level 1,Level 1,Level 1,Level 1,,,,,,,,2.4,1.1,0.0,,,PK-6,12,7411,28.5,12.4,0.4,8.1,14.9,52.8,9354.9,41.3,Mid Cumberland,In Need of Improvement
2015.0,760.0,Scott County,41.6,42.1,54.6,55.0,35.4,52.0,19.5,67.5,53.2,37.1,,,,,,Level 1,Level 1,Level 1,Level 1,,16.1,16.7,17.1,16.8,16.8,18.400000000000002,9.4,3.3,0.2,85.4,9.9,PK-12,7,2849,0.3,1.3,0.2,,13.3,86.8,8241.7,1.8,East TN,Intermediate
2015.0,761.0,Oneida SSD,47.9,48.9,63.1,74.1,78.4,86.5,42.1,85.4,69.0,59.4,,,,,,Level 4,Level 3,Level 5,Level 3,,18.9,18.1,20.2,19.6,19.4,29.5,4.2,0.0,0.0,98.8,1.2,PK-12,3,1221,0.7,0.5,0.2,,10.1,63.5,8405.5,1.4,East TN,Intermediate
2015.0,770.0,Sequatchie County,38.2,47.7,54.3,67.7,46.1,77.8,27.3,71.2,69.1,30.1,,,,,,Level 1,Level 1,Level 1,Level 1,,19.4,18.7,19.9,19.3,19.4,28.1,18.6,2.5,0.3,85.6,13.0,PK-12,3,2166,0.6,5.0,1.2,1.6,17.5,68.1,7904.6,6.8,Southeast,Exemplary
2015.0,780.0,Sevier County,43.3,47.3,62.9,66.0,48.5,63.7,48.4,69.1,65.5,48.7,,,,,,Level 1,Level 1,Level 1,Level 3,,19.9,19.7,20.8,20.5,20.3,40.5,19.5,1.4,0.0,86.2,10.4,PK-12,28,14024,2.0,8.9,0.4,5.2,14.4,63.3,9614.4,11.3,East TN,Intermediate
2015.0,792.0,Shelby County,33.0,39.8,47.8,59.3,37.3,42.8,23.7,55.4,48.9,24.0,,,,,,Level 5,Level 5,Level 5,Level 5,,16.0,16.8,16.9,17.2,16.9,17.0,17.5,18.5,0.8,72.1,17.6,PK-12,221,108936,78.4,11.3,0.1,8.3,12.9,79.8,11221.6,89.8,Southwest/Memphis,In Need of Subgroup Improvement
2015.0,793.0,Arlington City,75.7,75.1,88.3,88.0,66.9,82.5,49.8,88.8,78.1,50.7,,,,,,Level 5,Level 5,Level 5,Level 3,,21.1,20.1,21.5,21.3,21.1,52.5,7.9,2.3,0.1,94.0,4.4,K-12,4,4819,16.0,5.3,0.4,2.2,11.0,13.9,7705.1,21.7,Southwest/Memphis,Exemplary
2015.0,794.0,Bartlett City,60.6,66.2,75.9,78.1,59.5,71.8,36.2,80.3,74.6,41.6,,,,,,Level 5,Level 5,Level 4,Level 1,,20.3,19.7,20.7,20.7,20.5,42.1,9.6,4.0,0.3,81.3,9.4,PK-12,11,8235,27.5,5.0,0.6,2.3,13.8,36.3,8857.7,33.1,Southwest/Memphis,Exemplary
2015.0,795.0,Collierville City,75.1,75.7,86.8,90.2,85.6,87.4,80.4,92.5,86.2,66.2,,,,,,Level 5,Level 5,Level 5,Level 5,,24.4,23.6,24.0,23.5,24.0,70.0,5.9,2.8,0.3,93.0,2.7,PK-12,8,7774,17.5,4.3,0.4,4.0,13.4,15.0,8383.2,22.2,Southwest/Memphis,Intermediate
2015.0,796.0,Germantown City,79.4,74.3,88.0,90.0,84.2,88.9,78.5,90.8,87.7,70.8,,,,,,Level 3,Level 5,Level 3,Level 1,,25.1,23.1,24.3,23.6,24.1,72.5,5.1,1.3,0.0,88.7,7.9,PK-12,5,5624,12.3,3.1,0.3,2.6,9.8,9.6,7930.8,15.7,Southwest/Memphis,Exemplary
2015.0,797.0,Lakeland City,83.2,88.2,90.9,,,,,,,,,,,,,Level 5,Level 5,Level 5,Level 1,,,,,,,,3.9,0.0,0.0,,,K-5,1,835,8.2,2.6,0.4,3.6,19.3,14.7,8685.3,11.2,Southwest/Memphis,Exemplary
2015.0,798.0,Millington City,42.1,48.4,59.2,57.9,32.7,50.9,28.7,59.5,53.9,32.9,,,,,,Level 3,Level 3,Level 3,Level 1,,17.2,17.6,17.7,17.7,17.7,25.0,13.9,9.6,0.1,78.2,16.7,PK-12,4,2597,38.8,11.3,0.8,3.7,16.1,75.2,8913.3,50.9,Southwest/Memphis,In Need of Subgroup Improvement
2015.0,800.0,Smith County,48.3,56.9,71.3,,,70.6,36.5,77.4,68.4,42.5,,,,,,Level 1,Level 1,Level 1,Level 1,,17.3,18.7,18.6,18.6,18.5,31.3,4.8,2.1,0.1,97.4,1.3,PK-12,9,2949,3.5,3.6,0.2,0.7,14.7,57.9,8324.1,7.3,Upper Cumberland,In Need of Subgroup Improvement
2015.0,810.0,Stewart County,54.8,68.9,80.0,77.6,80.7,66.7,68.9,82.5,70.7,59.4,,,,,,Level 3,Level 5,Level 3,Level 1,,18.6,19.1,19.7,19.7,19.4,37.4,22.5,1.3,0.0,96.1,1.9,PK-12,5,1950,2.6,2.1,0.6,0.1,13.4,49.1,9003.3,5.3,Mid Cumberland,Intermediate
2015.0,820.0,Sullivan County,48.7,50.8,66.8,65.9,57.4,61.9,36.7,71.6,61.8,43.2,,,,,,Level 1,Level 1,Level 1,Level 1,,19.5,19.3,20.4,20.0,19.9,33.9,15.0,4.3,0.3,92.6,6.5,PK-12,23,9963,1.5,1.6,0.3,0.4,17.6,58.3,9189.9,3.4,First TN,In Need of Improvement
2015.0,821.0,Bristol City,55.3,63.3,76.5,67.2,61.1,65.4,65.4,75.5,73.4,54.1,,,,,,Level 3,Level 5,Level 3,Level 1,,21.9,20.1,21.8,21.1,21.3,41.5,11.0,3.4,0.0,88.7,4.9,PK-12,8,3922,5.7,3.0,0.4,1.1,15.9,50.4,9829.8,9.1,First TN,In Need of Subgroup Improvement
2015.0,822.0,Kingsport City,58.5,67.1,75.7,87.5,75.5,83.9,71.7,82.4,77.7,49.7,,,,,,Level 3,Level 3,Level 1,Level 5,,21.5,22.3,22.5,22.0,22.2,50.6,15.8,4.6,0.0,90.3,7.2,PK-12,12,6906,10.1,4.0,0.5,1.3,19.9,56.5,10438.8,14.6,First TN,In Need of Subgroup Improvement
2015.0,830.0,Sumner County,60.3,67.7,72.5,73.8,59.4,68.6,52.6,76.0,70.0,48.5,,,,,,Level 5,Level 5,Level 5,Level 1,,20.3,19.6,20.6,20.4,20.4,42.7,9.3,2.4,0.0,89.5,7.0,PK-12,47,27724,10.8,6.5,0.3,2.0,15.3,36.7,8402.0,17.6,Mid Cumberland,Intermediate
2015.0,840.0,Tipton County,49.3,64.1,68.2,84.4,82.0,68.2,48.4,74.7,72.4,46.8,,,,,,Level 5,Level 5,Level 5,Level 5,,19.8,19.1,19.5,19.9,19.7,36.7,10.4,5.6,0.0,97.8,0.8,PK-12,14,11029,24.7,2.0,0.2,0.4,16.0,55.5,8279.2,26.9,Southwest/Memphis,Intermediate
2015.0,850.0,Trousdale County,59.8,75.8,82.1,75.6,68.4,59.3,67.9,67.8,71.3,51.7,,,,,,Level 3,Level 1,Level 2,Level 5,,20.4,20.6,20.4,21.4,20.8,46.7,9.2,1.1,0.0,96.9,1.0,PK-12,3,1178,14.7,3.8,0.2,1.1,16.4,57.3,8816.6,18.7,Upper Cumberland,Intermediate
2015.0,860.0,Unicoi County,42.8,48.5,68.4,51.2,26.6,72.6,42.6,75.7,63.3,37.8,,,,,,Level 1,Level 1,Level 1,Level 1,,17.5,17.8,18.5,18.2,18.1,32.0,23.3,2.4,0.0,93.6,4.0,K-12,7,2362,0.6,11.4,0.3,4.8,19.0,66.5,9362.0,12.3,First TN,In Need of Subgroup Improvement
2015.0,870.0,Union County,38.2,38.1,50.8,63.4,55.0,53.1,47.0,64.9,54.6,48.3,,,,,,Level 5,Level 3,Level 5,Level 4,,16.6,17.3,17.3,18.1,17.4,21.5,20.9,5.2,0.1,87.1,8.6,PK-12,10,4199,6.0,2.9,0.4,0.4,14.1,71.9,8802.5,9.3,East TN,Intermediate
2015.0,880.0,Van Buren County,35.8,41.6,55.8,68.3,68.5,49.2,32.8,62.3,57.7,41.9,,,,,,Level 4,Level 3,Level 5,Level 2,,17.7,17.6,19.2,18.7,18.4,29.700000000000003,10.9,0.4,0.0,91.5,8.5,PK-12,2,728,0.1,,,,17.2,63.9,9622.2,0.1,Upper Cumberland,Intermediate
2015.0,890.0,Warren County,43.7,48.6,63.7,,,57.3,34.7,72.5,60.7,17.7,,,,,,Level 3,Level 2,Level 5,Level 1,,17.5,18.1,18.6,18.9,18.4,26.8,15.0,1.5,0.0,89.1,8.8,PK-12,11,6371,5.6,15.5,0.5,6.7,16.5,70.2,8600.8,21.6,Upper Cumberland,Intermediate
2015.0,900.0,Washington County,55.0,61.7,71.0,67.0,48.7,67.6,58.9,74.4,67.9,50.5,,,,,,Level 1,Level 1,Level 1,Level 1,,20.1,19.4,20.7,20.2,20.2,43.300000000000004,14.7,1.3,0.1,91.0,2.1,PK-12,17,8546,2.5,3.0,0.4,0.6,14.3,48.2,8500.9,5.9,First TN,In Need of Subgroup Improvement
2015.0,901.0,Johnson City,67.3,73.7,77.6,86.1,86.4,81.7,65.0,82.7,78.0,63.8,,,,,,Level 5,Level 5,Level 5,Level 5,,21.3,21.8,22.0,21.4,21.8,52.6,8.3,3.3,0.2,90.4,5.9,PK-12,11,7669,14.4,8.7,0.2,4.9,13.7,49.5,9434.3,23.3,First TN,In Need of Subgroup Improvement
2015.0,910.0,Wayne County,36.9,42.6,60.3,71.8,56.0,69.5,29.7,78.1,68.9,32.9,,,,,,Level 1,Level 1,Level 1,Level 1,,18.1,17.8,18.1,18.4,18.2,27.900000000000002,19.7,0.0,0.0,95.8,1.2,PK-12,8,2215,1.2,1.7,0.2,0.1,19.1,43.6,9505.6,3.1,South Central,In Need of Subgroup Improvement
2015.0,920.0,Weakley County,55.4,59.1,75.9,79.3,64.3,81.2,50.7,83.6,71.7,60.3,,,,,,Level 1,Level 2,Level 1,Level 1,,19.7,19.2,19.6,19.9,19.7,38.5,9.9,4.4,0.0,93.0,4.2,PK-12,11,4209,9.9,2.3,0.1,0.1,14.1,58.0,8439.3,12.3,Northwest,In Need of Improvement
2015.0,930.0,White County,47.2,59.0,68.2,80.3,58.6,82.8,20.2,78.5,72.1,49.8,,,,,,Level 2,Level 1,Level 4,Level 3,,17.8,18.3,19.2,19.1,18.7,32.5,8.4,0.8,0.0,92.5,3.0,PK-12,9,3871,3.6,2.1,0.2,0.5,16.7,66.7,7721.1,5.9,Upper Cumberland,In Need of Subgroup Improvement
2015.0,940.0,Williamson County,80.7,80.3,91.1,90.3,84.8,89.2,81.0,92.9,88.7,68.6,,,,,,Level 2,Level 3,Level 1,Level 3,,24.0,23.1,24.1,23.4,23.8,74.8,7.0,0.2,0.0,94.4,4.4,PK-12,41,34395,5.0,5.3,0.7,1.7,10.2,9.6,8739.7,11.0,Mid Cumberland,Intermediate
2015.0,941.0,Franklin SSD,69.1,73.2,83.3,100.0,,,,,,,,,,,,Level 3,Level 5,Level 3,Level 1,,,,,,,,3.2,0.3,0.0,,,PK-8,8,3515,15.5,24.0,0.7,12.2,12.5,38.9,13386.3,40.2,Mid Cumberland,Intermediate
2015.0,950.0,Wilson County,60.6,65.3,81.9,69.8,58.0,74.1,45.4,78.1,76.1,44.0,,,,,,Level 5,Level 5,Level 5,Level 5,,19.9,19.3,20.4,20.0,20.0,41.7,11.6,4.8,0.0,96.3,2.9,PK-12,21,16507,8.1,4.6,0.1,2.2,14.4,29.2,7690.8,12.8,Mid Cumberland,In Need of Subgroup Improvement
2015.0,951.0,Lebanon SSD,49.8,52.6,71.3,100.0,,,,,,,,,,,,Level 5,Level 5,Level 1,Level 2,,,,,,,,8.4,4.9,0.0,,,PK-8,6,3572,18.4,13.0,0.4,9.2,14.0,61.9,8444.1,31.8,Mid Cumberland,In Need of Subgroup Improvement
2015.0,960.0,West Tenn School for Deaf,0.0,0.0,0.0,,,,,,,,,,,,,,,,,,,,,,,,23.1,0.0,0.0,,,K-6,1,,48.7,7.7,,,97.4,76.9,,56.4,Southwest/Memphis,
2015.0,961.0,Alvin C. York Institute,,,,79.5,69.8,70.4,24.3,72.4,66.0,52.4,,,,,,Level 5,Level 5,Level 5,Level 2,,,,,,,37.0,20.8,0.0,0.0,81.3,14.2,Grades 9-12,1,,0.3,1.3,0.5,0.2,10.0,61.9,,2.1,Upper Cumberland,Intermediate
2015.0,963.0,Tenn School for Blind,6.7,0.0,10.0,23.1,,25.0,,60.0,,20.0,,,,,,Level 3,Level 3,Level 3,,,,,,,,,41.3,0.0,0.0,11.1,0.0,PK-12,1,,16.1,9.8,,1.4,94.4,32.9,,25.9,Mid Cumberland,In Need of Subgroup Improvement
2015.0,964.0,Tenn School for Deaf,4.4,2.9,7.4,,0.0,11.8,,0.0,6.7,0.0,,,,,,Level 1,Level 1,,Level 1,,,,,,,5.0,30.0,0.0,0.0,77.8,0.0,K-12,3,,25.6,6.3,,,98.8,,,31.9,East TN,
2015.0,970.0,Department of Children's Services,,,,0.0,1.8,4.1,3.7,7.7,12.2,2.4,,,,,,Level 1,Level 1,Level 1,Level 1,,,,,,,,,,,,,,,,,,,,,,,0.0,,In Need of Improvement
2015.0,985.0,Achievement School District,14.3,23.3,26.1,34.0,20.4,20.6,4.5,37.8,33.0,8.2,,,,,,Level 1,Level 2,Level 2,Level 1,,12.8,14.8,14.0,14.6,14.2,3.1,27.2,21.4,0.1,54.7,27.6,PK-12,24,6370,96.7,1.5,0.0,1.1,12.9,96.6,12804.4,98.2,Southwest/Memphis,In Need of Subgroup Improvement
